Date,Ticker,Open,High,Low,Close,Volume
2018-05-17,HEAL,634.0,668.0,622.0,650.0,37063500
2018-05-18,HEAL,650.0,660.0,636.0,640.0,16095500
2018-05-21,HEAL,640.0,640.0,610.0,610.0,26039500
2018-05-22,HEAL,610.0,628.0,610.0,620.0,7144500
2018-05-23,HEAL,610.0,626.0,610.0,620.0,6496000
2018-05-24,HEAL,618.0,666.0,616.0,650.0,12619000
2018-05-25,HEAL,664.0,664.0,650.0,656.0,5231000
2018-05-28,HEAL,660.0,666.0,648.0,660.0,7014500
2018-05-29,HEAL,660.0,660.0,660.0,660.0,0
2018-05-30,HEAL,654.0,672.0,654.0,670.0,5073000
2018-05-31,HEAL,670.0,680.0,670.0,676.0,1580000
2018-06-01,HEAL,676.0,676.0,676.0,676.0,0
2018-06-04,HEAL,680.0,680.0,658.0,672.0,7628500
2018-06-05,HEAL,676.0,696.0,674.0,684.0,2611500
2018-06-06,HEAL,690.0,716.0,686.0,714.0,2911500
2018-06-07,HEAL,714.0,740.0,690.0,712.0,5586000
2018-06-08,HEAL,728.0,730.0,716.0,724.0,2107000
2018-06-11,HEAL,724.0,724.0,724.0,724.0,0
2018-06-12,HEAL,724.0,724.0,724.0,724.0,0
2018-06-13,HEAL,724.0,724.0,724.0,724.0,0
2018-06-14,HEAL,724.0,724.0,724.0,724.0,0
2018-06-15,HEAL,724.0,724.0,724.0,724.0,0
2018-06-18,HEAL,724.0,724.0,724.0,724.0,0
2018-06-19,HEAL,724.0,724.0,724.0,724.0,0
2018-06-20,HEAL,724.0,740.0,712.0,712.0,5135500
2018-06-21,HEAL,710.0,734.0,708.0,710.0,6667500
2018-06-22,HEAL,710.0,724.0,710.0,724.0,2179500
2018-06-25,HEAL,736.0,736.0,710.0,720.0,1890000
2018-06-26,HEAL,720.0,732.0,708.0,708.0,935000
2018-06-27,HEAL,720.0,726.0,714.0,726.0,2128500
2018-06-28,HEAL,726.0,732.0,704.0,704.0,1721500
2018-06-29,HEAL,704.0,720.0,704.0,706.0,823000
2018-07-02,HEAL,706.0,718.0,702.0,702.0,685500
2018-07-03,HEAL,720.0,720.0,686.0,714.0,7289500
2018-07-04,HEAL,714.0,716.0,690.0,714.0,2487500
2018-07-05,HEAL,700.0,718.0,698.0,706.0,5553000
2018-07-06,HEAL,710.0,710.0,698.0,700.0,3753000
2018-07-09,HEAL,700.0,702.0,696.0,700.0,6329500
2018-07-10,HEAL,702.0,704.0,690.0,690.0,1625500
2018-07-11,HEAL,700.0,702.0,684.0,684.0,5879500
2018-07-12,HEAL,690.0,692.0,682.0,686.0,2123000
2018-07-13,HEAL,690.0,690.0,672.0,676.0,2001500
2018-07-16,HEAL,668.0,680.0,668.0,680.0,2289000
2018-07-17,HEAL,680.0,680.0,672.0,676.0,815500
2018-07-18,HEAL,676.0,680.0,668.0,672.0,1018500
2018-07-19,HEAL,672.0,680.0,672.0,674.0,785500
2018-07-20,HEAL,680.0,682.0,676.0,676.0,768000
2018-07-23,HEAL,680.0,682.0,676.0,676.0,619500
2018-07-24,HEAL,680.0,700.0,668.0,668.0,2962000
2018-07-25,HEAL,680.0,680.0,670.0,670.0,681000
2018-07-26,HEAL,678.0,680.0,672.0,674.0,546000
2018-07-27,HEAL,674.0,682.0,672.0,678.0,563500
2018-07-30,HEAL,680.0,684.0,668.0,668.0,869000
2018-07-31,HEAL,680.0,680.0,668.0,676.0,501500
2018-08-01,HEAL,678.0,680.0,672.0,674.0,584000
2018-08-02,HEAL,680.0,680.0,670.0,670.0,511000
2018-08-03,HEAL,676.0,678.0,672.0,678.0,570500
2018-08-06,HEAL,678.0,680.0,676.0,678.0,602000
2018-08-07,HEAL,680.0,680.0,672.0,678.0,541500
2018-08-08,HEAL,678.0,680.0,674.0,680.0,516000
2018-08-09,HEAL,678.0,680.0,660.0,660.0,2151000
2018-08-10,HEAL,658.0,678.0,658.0,676.0,487000
2018-08-13,HEAL,676.0,676.0,666.0,666.0,835500
2018-08-14,HEAL,674.0,680.0,660.0,660.0,1395000
2018-08-15,HEAL,674.0,680.0,670.0,680.0,2602500
2018-08-16,HEAL,676.0,680.0,676.0,678.0,1100000
2018-08-17,HEAL,678.0,678.0,678.0,678.0,0
2018-08-20,HEAL,680.0,682.0,676.0,676.0,2220000
2018-08-21,HEAL,678.0,678.0,676.0,676.0,1370000
2018-08-22,HEAL,676.0,676.0,676.0,676.0,0
2018-08-23,HEAL,676.0,678.0,676.0,678.0,817500
2018-08-24,HEAL,678.0,680.0,674.0,678.0,1146500
2018-08-27,HEAL,680.0,680.0,674.0,678.0,500500
2018-08-28,HEAL,678.0,680.0,656.0,656.0,1030500
2018-08-29,HEAL,676.0,678.0,662.0,670.0,535000
2018-08-30,HEAL,678.0,680.0,674.0,680.0,500500
2018-08-31,HEAL,678.0,688.0,676.0,688.0,753500
2018-09-03,HEAL,684.0,690.0,680.0,686.0,463000
2018-09-04,HEAL,686.0,694.0,684.0,694.0,500500
2018-09-05,HEAL,694.0,700.0,666.0,666.0,650000
2018-09-06,HEAL,678.0,678.0,674.0,676.0,528000
2018-09-07,HEAL,676.0,676.0,662.0,666.0,695500
2018-09-10,HEAL,672.0,672.0,666.0,670.0,542500
2018-09-11,HEAL,670.0,670.0,670.0,670.0,0
2018-09-12,HEAL,672.0,674.0,668.0,668.0,496500
2018-09-13,HEAL,672.0,678.0,666.0,670.0,580000
2018-09-14,HEAL,672.0,674.0,668.0,672.0,500500
2018-09-17,HEAL,678.0,680.0,668.0,674.0,536500
2018-09-18,HEAL,678.0,678.0,670.0,670.0,500000
2018-09-19,HEAL,672.0,672.0,668.0,672.0,477500
2018-09-20,HEAL,676.0,676.0,666.0,666.0,756000
2018-09-21,HEAL,672.0,674.0,664.0,668.0,603500
2018-09-24,HEAL,674.0,674.0,660.0,660.0,585000
2018-09-25,HEAL,670.0,670.0,656.0,660.0,509500
2018-09-26,HEAL,668.0,668.0,650.0,650.0,913500
2018-09-27,HEAL,660.0,660.0,628.0,634.0,3089500
2018-09-28,HEAL,640.0,690.0,634.0,658.0,792000
2018-10-01,HEAL,668.0,668.0,638.0,644.0,574500
2018-10-02,HEAL,656.0,656.0,630.0,640.0,664000
2018-10-03,HEAL,646.0,652.0,630.0,648.0,907000
2018-10-04,HEAL,658.0,658.0,640.0,648.0,500500
2018-10-05,HEAL,648.0,652.0,644.0,648.0,579000
2018-10-08,HEAL,648.0,666.0,642.0,666.0,562500
2018-10-09,HEAL,660.0,662.0,656.0,660.0,517500
2018-10-10,HEAL,660.0,662.0,658.0,660.0,536000
2018-10-11,HEAL,660.0,662.0,646.0,648.0,500500
2018-10-12,HEAL,652.0,660.0,648.0,656.0,523000
2018-10-15,HEAL,660.0,678.0,652.0,658.0,369000
2018-10-16,HEAL,660.0,680.0,644.0,644.0,575500
2018-10-17,HEAL,656.0,656.0,642.0,644.0,537500
2018-10-18,HEAL,650.0,652.0,642.0,648.0,481500
2018-10-19,HEAL,650.0,652.0,640.0,644.0,500000
2018-10-22,HEAL,650.0,650.0,636.0,638.0,475500
2018-10-23,HEAL,640.0,646.0,638.0,646.0,509500
2018-10-24,HEAL,648.0,650.0,638.0,650.0,492500
2018-10-25,HEAL,650.0,666.0,646.0,648.0,293000
2018-10-26,HEAL,652.0,656.0,640.0,646.0,276500
2018-10-29,HEAL,652.0,652.0,648.0,652.0,306500
2018-10-30,HEAL,652.0,652.0,632.0,634.0,969000
2018-10-31,HEAL,636.0,640.0,624.0,634.0,1168000
2018-11-01,HEAL,638.0,640.0,632.0,634.0,524500
2018-11-02,HEAL,638.0,640.0,626.0,634.0,534000
2018-11-05,HEAL,634.0,634.0,628.0,634.0,317000
2018-11-06,HEAL,634.0,634.0,630.0,632.0,322500
2018-11-07,HEAL,634.0,634.0,628.0,632.0,383500
2018-11-08,HEAL,634.0,640.0,628.0,632.0,500500
2018-11-09,HEAL,632.0,632.0,616.0,622.0,1227000
2018-11-12,HEAL,630.0,630.0,612.0,616.0,623500
2018-11-13,HEAL,624.0,624.0,610.0,610.0,772500
2018-11-14,HEAL,630.0,638.0,606.0,606.0,500000
2018-11-15,HEAL,620.0,636.0,612.0,628.0,602000
2018-11-16,HEAL,634.0,638.0,630.0,632.0,277000
2018-11-19,HEAL,638.0,646.0,632.0,640.0,643000
2018-11-20,HEAL,640.0,640.0,640.0,640.0,0
2018-11-21,HEAL,640.0,642.0,612.0,614.0,587500
2018-11-22,HEAL,630.0,632.0,608.0,614.0,2375500
2018-11-23,HEAL,618.0,618.0,610.0,612.0,561000
2018-11-26,HEAL,616.0,616.0,606.0,610.0,603500
2018-11-27,HEAL,616.0,616.0,610.0,614.0,270000
2018-11-28,HEAL,614.0,618.0,608.0,614.0,319000
2018-11-29,HEAL,614.0,614.0,600.0,610.0,736500
2018-11-30,HEAL,614.0,614.0,608.0,610.0,344500
2018-12-03,HEAL,628.0,648.0,608.0,612.0,293000
2018-12-04,HEAL,612.0,622.0,610.0,612.0,536500
2018-12-05,HEAL,618.0,620.0,610.0,614.0,307000
2018-12-06,HEAL,618.0,618.0,602.0,614.0,557000
2018-12-07,HEAL,614.0,616.0,608.0,614.0,359500
2018-12-10,HEAL,614.0,614.0,610.0,612.0,284500
2018-12-11,HEAL,606.0,610.0,604.0,606.0,396000
2018-12-12,HEAL,614.0,624.0,606.0,612.0,390500
2018-12-13,HEAL,612.0,620.0,602.0,610.0,1001000
2018-12-14,HEAL,616.0,618.0,604.0,608.0,372000
2018-12-17,HEAL,612.0,618.0,570.0,570.0,4965500
2018-12-18,HEAL,570.0,590.0,518.0,520.0,4642500
2018-12-19,HEAL,530.0,530.0,498.0,514.0,1704000
2018-12-20,HEAL,524.0,524.0,510.0,514.0,9958500
2018-12-21,HEAL,514.0,520.0,508.0,516.0,2450500
2018-12-24,HEAL,516.0,516.0,516.0,516.0,0
2018-12-25,HEAL,516.0,516.0,516.0,516.0,0
2018-12-26,HEAL,516.0,526.0,506.0,520.0,1349500
2018-12-27,HEAL,526.0,540.0,492.0,512.0,16644000
2018-12-28,HEAL,510.0,520.0,508.0,512.0,1370000
2018-12-31,HEAL,512.0,512.0,512.0,512.0,0
2019-01-01,HEAL,512.0,512.0,512.0,512.0,0
2019-01-02,HEAL,516.0,520.0,510.0,520.0,519000
2019-01-03,HEAL,526.0,536.0,512.0,530.0,690500
2019-01-04,HEAL,538.0,540.0,522.0,530.0,1092500
2019-01-07,HEAL,540.0,542.0,524.0,534.0,500500
2019-01-08,HEAL,538.0,538.0,518.0,520.0,580500
2019-01-09,HEAL,530.0,544.0,512.0,544.0,500000
2019-01-10,HEAL,544.0,544.0,510.0,516.0,1183000
2019-01-11,HEAL,520.0,520.0,502.0,508.0,2547000
2019-01-14,HEAL,508.0,510.0,504.0,504.0,406500
2019-01-15,HEAL,504.0,512.0,496.0,502.0,3823500
2019-01-16,HEAL,506.0,506.0,492.0,496.0,1342500
2019-01-17,HEAL,496.0,500.0,490.0,494.0,6022000
2019-01-18,HEAL,494.0,500.0,488.0,492.0,17682500
2019-01-21,HEAL,504.0,508.0,496.0,504.0,1215500
2019-01-22,HEAL,508.0,516.0,504.0,512.0,6024500
2019-01-23,HEAL,502.0,520.0,502.0,510.0,731000
2019-01-24,HEAL,512.0,518.0,506.0,510.0,13643500
2019-01-25,HEAL,510.0,520.0,506.0,514.0,250000
2019-01-28,HEAL,516.0,528.0,516.0,526.0,317500
2019-01-29,HEAL,530.0,538.0,520.0,532.0,540500
2019-01-30,HEAL,530.0,550.0,530.0,540.0,594000
2019-01-31,HEAL,538.0,554.0,538.0,550.0,5118500
2019-02-01,HEAL,550.0,578.0,550.0,576.0,2258500
2019-02-04,HEAL,590.0,608.0,590.0,602.0,10595000
2019-02-05,HEAL,602.0,602.0,602.0,602.0,0
2019-02-06,HEAL,602.0,616.0,602.0,604.0,250000
2019-02-07,HEAL,604.0,604.0,586.0,600.0,3509000
2019-02-08,HEAL,598.0,600.0,580.0,596.0,15974000
2019-02-11,HEAL,596.0,660.0,590.0,654.0,18644500
2019-02-12,HEAL,660.0,670.0,646.0,650.0,8702500
2019-02-13,HEAL,656.0,668.0,652.0,652.0,1491000
2019-02-14,HEAL,656.0,664.0,656.0,664.0,2237000
2019-02-15,HEAL,670.0,670.0,662.0,664.0,1209000
2019-02-18,HEAL,672.0,674.0,668.0,672.0,4743000
2019-02-19,HEAL,670.0,676.0,668.0,672.0,934500
2019-02-20,HEAL,670.0,676.0,662.0,672.0,2101000
2019-02-21,HEAL,674.0,676.0,672.0,672.0,2155000
2019-02-22,HEAL,676.0,684.0,668.0,668.0,280500
2019-02-25,HEAL,676.0,676.0,666.0,676.0,372500
2019-02-26,HEAL,678.0,678.0,670.0,670.0,2142500
2019-02-27,HEAL,670.0,672.0,666.0,670.0,1774500
2019-02-28,HEAL,668.0,674.0,668.0,674.0,2471500
2019-03-01,HEAL,674.0,674.0,652.0,668.0,1413500
2019-03-04,HEAL,676.0,676.0,662.0,670.0,745000
2019-03-05,HEAL,670.0,670.0,666.0,670.0,827500
2019-03-06,HEAL,676.0,676.0,666.0,666.0,749500
2019-03-07,HEAL,666.0,666.0,666.0,666.0,0
2019-03-08,HEAL,676.0,680.0,662.0,664.0,867500
2019-03-11,HEAL,670.0,670.0,660.0,662.0,470000
2019-03-12,HEAL,672.0,672.0,660.0,670.0,363500
2019-03-13,HEAL,672.0,672.0,660.0,662.0,315000
2019-03-14,HEAL,668.0,670.0,658.0,664.0,492500
2019-03-15,HEAL,664.0,670.0,662.0,668.0,551500
2019-03-18,HEAL,664.0,670.0,658.0,668.0,144500
2019-03-19,HEAL,660.0,672.0,654.0,660.0,398500
2019-03-20,HEAL,670.0,670.0,652.0,656.0,734000
2019-03-21,HEAL,670.0,670.0,660.0,666.0,134500
2019-03-22,HEAL,670.0,670.0,664.0,670.0,143500
2019-03-25,HEAL,668.0,676.0,668.0,676.0,386500
2019-03-26,HEAL,676.0,676.0,668.0,670.0,285500
2019-03-27,HEAL,676.0,676.0,670.0,674.0,212000
2019-03-28,HEAL,676.0,682.0,674.0,680.0,620500
2019-03-29,HEAL,680.0,680.0,680.0,680.0,0
2019-04-01,HEAL,686.0,692.0,672.0,678.0,370500
2019-04-02,HEAL,668.0,680.0,654.0,658.0,533500
2019-04-03,HEAL,658.0,658.0,658.0,658.0,0
2019-04-04,HEAL,652.0,668.0,650.0,652.0,408000
2019-04-05,HEAL,648.0,650.0,648.0,650.0,201500
2019-04-08,HEAL,650.0,666.0,650.0,652.0,203500
2019-04-09,HEAL,652.0,660.0,650.0,650.0,907500
2019-04-10,HEAL,652.0,668.0,648.0,650.0,1014000
2019-04-11,HEAL,666.0,674.0,660.0,666.0,52000
2019-04-12,HEAL,666.0,670.0,660.0,666.0,179000
2019-04-15,HEAL,672.0,674.0,662.0,670.0,250000
2019-04-16,HEAL,670.0,680.0,670.0,676.0,551000
2019-04-17,HEAL,676.0,676.0,676.0,676.0,0
2019-04-18,HEAL,674.0,682.0,670.0,674.0,967500
2019-04-19,HEAL,674.0,674.0,674.0,674.0,0
2019-04-22,HEAL,676.0,682.0,676.0,678.0,1060000
2019-04-23,HEAL,678.0,684.0,678.0,680.0,250500
2019-04-24,HEAL,678.0,678.0,668.0,678.0,250000
2019-04-25,HEAL,678.0,686.0,678.0,684.0,250000
2019-04-26,HEAL,680.0,682.0,678.0,678.0,705000
2019-04-29,HEAL,684.0,730.0,684.0,720.0,4396000
2019-04-30,HEAL,688.0,730.0,688.0,720.0,1267500
2019-05-01,HEAL,720.0,720.0,720.0,720.0,0
2019-05-02,HEAL,718.0,730.0,718.0,718.0,1311500
2019-05-03,HEAL,724.0,726.0,712.0,714.0,646500
2019-05-06,HEAL,722.0,722.0,686.0,700.0,749500
2019-05-07,HEAL,700.0,720.0,696.0,700.0,514500
2019-05-08,HEAL,702.0,702.0,694.0,700.0,519000
2019-05-09,HEAL,700.0,704.0,694.0,704.0,337000
2019-05-10,HEAL,700.0,706.0,686.0,700.0,294000
2019-05-13,HEAL,706.0,706.0,696.0,696.0,279000
2019-05-14,HEAL,694.0,700.0,692.0,696.0,332000
2019-05-15,HEAL,698.0,702.0,694.0,700.0,269500
2019-05-16,HEAL,700.0,700.0,694.0,700.0,255000
2019-05-17,HEAL,700.0,702.0,692.0,702.0,265000
2019-05-20,HEAL,700.0,702.0,694.0,698.0,1650500
2019-05-21,HEAL,698.0,698.0,686.0,696.0,1001500
2019-05-22,HEAL,712.0,712.0,696.0,700.0,250000
2019-05-23,HEAL,694.0,700.0,658.0,698.0,749500
2019-05-24,HEAL,692.0,702.0,660.0,702.0,759000
2019-05-27,HEAL,698.0,700.0,680.0,690.0,250000
2019-05-28,HEAL,690.0,700.0,690.0,698.0,310000
2019-05-29,HEAL,702.0,704.0,698.0,698.0,250000
2019-05-30,HEAL,698.0,698.0,698.0,698.0,0
2019-05-31,HEAL,706.0,730.0,700.0,730.0,782500
2019-06-03,HEAL,730.0,730.0,730.0,730.0,0
2019-06-04,HEAL,730.0,730.0,730.0,730.0,0
2019-06-05,HEAL,730.0,730.0,730.0,730.0,0
2019-06-06,HEAL,730.0,730.0,730.0,730.0,0
2019-06-07,HEAL,730.0,730.0,730.0,730.0,0
2019-06-10,HEAL,732.0,732.0,708.0,718.0,265000
2019-06-11,HEAL,718.0,718.0,708.0,712.0,250000
2019-06-12,HEAL,712.0,712.0,678.0,680.0,1000500
2019-06-13,HEAL,700.0,700.0,666.0,668.0,529000
2019-06-14,HEAL,680.0,690.0,680.0,686.0,139500
2019-06-17,HEAL,686.0,686.0,668.0,670.0,295000
2019-06-18,HEAL,690.0,690.0,678.0,684.0,264500
2019-06-19,HEAL,684.0,684.0,678.0,680.0,160500
2019-06-20,HEAL,684.0,684.0,674.0,674.0,250000
2019-06-21,HEAL,684.0,684.0,674.0,680.0,288500
2019-06-24,HEAL,680.0,680.0,660.0,660.0,480000
2019-06-25,HEAL,680.0,680.0,634.0,640.0,1142000
2019-06-26,HEAL,632.0,674.0,576.0,640.0,490500
2019-06-27,HEAL,656.0,678.0,650.0,658.0,300000
2019-06-28,HEAL,676.0,676.0,658.0,660.0,276000
2019-07-01,HEAL,660.0,678.0,658.0,660.0,1008500
2019-07-02,HEAL,660.0,672.0,656.0,660.0,288000
2019-07-03,HEAL,658.0,658.0,640.0,646.0,390500
2019-07-04,HEAL,660.0,660.0,640.0,644.0,286000
2019-07-05,HEAL,660.0,678.0,640.0,668.0,1006500
2019-07-08,HEAL,668.0,680.0,650.0,680.0,250000
2019-07-09,HEAL,684.0,684.0,668.0,670.0,270000
2019-07-10,HEAL,670.0,684.0,664.0,668.0,189000
2019-07-11,HEAL,660.0,662.0,656.0,658.0,275000
2019-07-12,HEAL,660.0,662.0,658.0,660.0,152000
2019-07-15,HEAL,660.0,660.0,654.0,654.0,100500
2019-07-16,HEAL,654.0,660.0,652.0,656.0,363500
2019-07-17,HEAL,656.0,660.0,656.0,658.0,250000
2019-07-18,HEAL,658.0,658.0,648.0,650.0,263500
2019-07-19,HEAL,650.0,654.0,640.0,650.0,628000
2019-07-22,HEAL,650.0,650.0,636.0,650.0,546000
2019-07-23,HEAL,650.0,650.0,628.0,638.0,803000
2019-07-24,HEAL,650.0,650.0,618.0,636.0,1191000
2019-07-25,HEAL,638.0,640.0,626.0,630.0,696500
2019-07-26,HEAL,640.0,640.0,620.0,630.0,843000
2019-07-29,HEAL,640.0,670.0,612.0,612.0,2960500
2019-07-30,HEAL,612.0,658.0,612.0,640.0,6367500
2019-07-31,HEAL,660.0,660.0,644.0,648.0,3881000
2019-08-01,HEAL,656.0,656.0,640.0,640.0,1080000
2019-08-02,HEAL,658.0,662.0,640.0,640.0,965500
2019-08-05,HEAL,638.0,650.0,638.0,646.0,9941500
2019-08-06,HEAL,652.0,662.0,636.0,662.0,1641000
2019-08-07,HEAL,658.0,664.0,654.0,658.0,268000
2019-08-08,HEAL,656.0,666.0,656.0,660.0,1119000
2019-08-09,HEAL,666.0,668.0,656.0,664.0,353500
2019-08-12,HEAL,668.0,672.0,656.0,660.0,578500
2019-08-13,HEAL,660.0,674.0,658.0,670.0,3864000
2019-08-14,HEAL,670.0,674.0,660.0,660.0,9134500
2019-08-15,HEAL,660.0,670.0,656.0,660.0,2321500
2019-08-16,HEAL,670.0,674.0,658.0,660.0,15486000
2019-08-19,HEAL,674.0,676.0,662.0,664.0,3660000
2019-08-20,HEAL,676.0,676.0,660.0,664.0,8940000
2019-08-21,HEAL,674.0,674.0,666.0,672.0,8263000
2019-08-22,HEAL,674.0,680.0,668.0,674.0,3508000
2019-08-23,HEAL,674.0,682.0,672.0,674.0,2098500
2019-08-26,HEAL,678.0,684.0,672.0,676.0,511500
2019-08-27,HEAL,676.0,684.0,674.0,684.0,504000
2019-08-28,HEAL,684.0,696.0,682.0,686.0,5000500
2019-08-29,HEAL,686.0,690.0,684.0,690.0,6926500
2019-08-30,HEAL,690.0,722.0,690.0,712.0,5108500
2019-09-02,HEAL,712.0,716.0,706.0,716.0,409000
2019-09-03,HEAL,704.0,716.0,678.0,688.0,500000
2019-09-04,HEAL,688.0,706.0,678.0,700.0,150000
2019-09-05,HEAL,704.0,706.0,692.0,704.0,303000
2019-09-06,HEAL,702.0,704.0,678.0,698.0,177000
2019-09-09,HEAL,698.0,706.0,690.0,706.0,1039000
2019-09-10,HEAL,706.0,708.0,692.0,700.0,2001500
2019-09-11,HEAL,700.0,708.0,696.0,700.0,2297000
2019-09-12,HEAL,700.0,700.0,690.0,700.0,183000
2019-09-13,HEAL,700.0,700.0,696.0,700.0,738000
2019-09-16,HEAL,700.0,700.0,692.0,692.0,183000
2019-09-17,HEAL,696.0,700.0,690.0,694.0,152000
2019-09-18,HEAL,694.0,700.0,694.0,700.0,2493500
2019-09-19,HEAL,700.0,706.0,692.0,692.0,2243000
2019-09-20,HEAL,692.0,700.0,692.0,700.0,207000
2019-09-23,HEAL,698.0,700.0,694.0,700.0,312000
2019-09-24,HEAL,700.0,700.0,692.0,692.0,268500
2019-09-25,HEAL,700.0,700.0,680.0,700.0,692000
2019-09-26,HEAL,698.0,700.0,696.0,700.0,1015000
2019-09-27,HEAL,700.0,700.0,694.0,694.0,159500
2019-09-30,HEAL,700.0,700.0,694.0,698.0,129500
2019-10-01,HEAL,700.0,700.0,696.0,696.0,529000
2019-10-02,HEAL,692.0,700.0,692.0,698.0,250500
2019-10-03,HEAL,698.0,698.0,692.0,698.0,1373000
2019-10-04,HEAL,698.0,698.0,684.0,690.0,250500
2019-10-07,HEAL,698.0,698.0,688.0,690.0,1525500
2019-10-08,HEAL,696.0,698.0,690.0,694.0,1287000
2019-10-09,HEAL,700.0,700.0,692.0,694.0,1097500
2019-10-10,HEAL,696.0,696.0,680.0,688.0,486000
2019-10-11,HEAL,696.0,696.0,678.0,678.0,278000
2019-10-14,HEAL,688.0,694.0,686.0,688.0,83500
2019-10-15,HEAL,692.0,694.0,688.0,688.0,464500
2019-10-16,HEAL,688.0,696.0,686.0,686.0,277500
2019-10-17,HEAL,694.0,694.0,688.0,690.0,1532500
2019-10-18,HEAL,692.0,692.0,688.0,690.0,250000
2019-10-21,HEAL,694.0,694.0,688.0,690.0,500000
2019-10-22,HEAL,694.0,694.0,668.0,686.0,500500
2019-10-23,HEAL,694.0,694.0,678.0,690.0,1052000
2019-10-24,HEAL,690.0,696.0,680.0,692.0,2043000
2019-10-25,HEAL,696.0,696.0,668.0,688.0,2524500
2019-10-28,HEAL,686.0,696.0,670.0,688.0,1036000
2019-10-29,HEAL,690.0,742.0,688.0,740.0,7827500
2019-10-30,HEAL,740.0,802.0,740.0,782.0,6371500
2019-10-31,HEAL,782.0,792.0,772.0,780.0,971500
2019-11-01,HEAL,776.0,776.0,772.0,774.0,250000
2019-11-04,HEAL,780.0,786.0,764.0,772.0,3600500
2019-11-05,HEAL,772.0,772.0,764.0,766.0,644000
2019-11-06,HEAL,766.0,774.0,746.0,768.0,500000
2019-11-07,HEAL,768.0,770.0,746.0,760.0,1972000
2019-11-08,HEAL,760.0,770.0,746.0,760.0,211000
2019-11-11,HEAL,760.0,760.0,742.0,756.0,100000
2019-11-12,HEAL,760.0,760.0,750.0,752.0,100000
2019-11-13,HEAL,752.0,752.0,744.0,744.0,185000
2019-11-14,HEAL,744.0,748.0,744.0,744.0,739500
2019-11-15,HEAL,740.0,742.0,728.0,740.0,922000
2019-11-18,HEAL,740.0,740.0,728.0,736.0,500500
2019-11-19,HEAL,736.0,736.0,734.0,736.0,171000
2019-11-20,HEAL,736.0,736.0,730.0,730.0,500500
2019-11-21,HEAL,736.0,736.0,720.0,724.0,653500
2019-11-22,HEAL,724.0,734.0,722.0,726.0,502000
2019-11-25,HEAL,726.0,754.0,726.0,740.0,120500
2019-11-26,HEAL,740.0,750.0,736.0,738.0,1335000
2019-11-27,HEAL,740.0,740.0,734.0,734.0,666500
2019-11-28,HEAL,734.0,740.0,734.0,736.0,88000
2019-11-29,HEAL,734.0,738.0,734.0,736.0,753000
2019-12-02,HEAL,728.0,740.0,728.0,738.0,53500
2019-12-03,HEAL,738.0,742.0,724.0,738.0,4529000
2019-12-04,HEAL,740.0,742.0,730.0,730.0,587500
2019-12-05,HEAL,730.0,738.0,700.0,710.0,996000
2019-12-06,HEAL,720.0,738.0,710.0,736.0,101000
2019-12-09,HEAL,736.0,738.0,728.0,738.0,50500
2019-12-10,HEAL,738.0,738.0,730.0,734.0,175000
2019-12-11,HEAL,730.0,738.0,730.0,730.0,250500
2019-12-12,HEAL,730.0,736.0,728.0,736.0,335500
2019-12-13,HEAL,732.0,732.0,722.0,724.0,251500
2019-12-16,HEAL,724.0,730.0,712.0,720.0,522500
2019-12-17,HEAL,716.0,718.0,714.0,718.0,280500
2019-12-18,HEAL,718.0,720.0,704.0,714.0,500500
2019-12-19,HEAL,710.0,710.0,692.0,710.0,2291500
2019-12-20,HEAL,712.0,740.0,710.0,710.0,153000
2019-12-23,HEAL,706.0,738.0,700.0,738.0,1562500
2019-12-26,HEAL,734.0,734.0,728.0,732.0,784500
2019-12-27,HEAL,728.0,728.0,726.0,728.0,100000
2019-12-30,HEAL,728.0,728.0,714.0,716.0,1841500
2020-01-02,HEAL,710.0,738.0,710.0,734.0,624000
2020-01-03,HEAL,736.0,738.0,730.0,734.0,100000
2020-01-06,HEAL,732.0,740.0,716.0,720.0,295500
2020-01-07,HEAL,720.0,720.0,712.0,714.0,324500
2020-01-08,HEAL,710.0,710.0,682.0,690.0,1500500
2020-01-09,HEAL,700.0,718.0,690.0,702.0,977500
2020-01-10,HEAL,700.0,700.0,686.0,690.0,551000
2020-01-13,HEAL,700.0,700.0,684.0,688.0,1750000
2020-01-14,HEAL,700.0,700.0,680.0,684.0,2826500
2020-01-15,HEAL,682.0,700.0,678.0,680.0,3270500
2020-01-16,HEAL,680.0,690.0,680.0,690.0,914000
2020-01-17,HEAL,690.0,700.0,678.0,680.0,1672000
2020-01-20,HEAL,690.0,700.0,680.0,684.0,250000
2020-01-21,HEAL,690.0,700.0,680.0,680.0,671500
2020-01-22,HEAL,698.0,700.0,680.0,680.0,4133000
2020-01-23,HEAL,680.0,700.0,676.0,680.0,1001000
2020-01-24,HEAL,680.0,680.0,658.0,670.0,1950000
2020-01-27,HEAL,690.0,698.0,672.0,680.0,103500
2020-01-28,HEAL,698.0,698.0,678.0,678.0,182000
2020-01-29,HEAL,680.0,698.0,660.0,680.0,903500
2020-01-30,HEAL,680.0,684.0,676.0,682.0,271000
2020-01-31,HEAL,680.0,680.0,674.0,680.0,150000
2020-02-03,HEAL,698.0,698.0,672.0,672.0,414500
2020-02-04,HEAL,672.0,684.0,668.0,668.0,148000
2020-02-05,HEAL,668.0,680.0,658.0,680.0,1124000
2020-02-06,HEAL,698.0,700.0,658.0,658.0,1241000
2020-02-07,HEAL,658.0,690.0,638.0,646.0,3337000
2020-02-10,HEAL,646.0,670.0,642.0,652.0,62500
2020-02-11,HEAL,648.0,676.0,646.0,676.0,252500
2020-02-12,HEAL,676.0,680.0,658.0,660.0,79500
2020-02-13,HEAL,660.0,680.0,660.0,670.0,121500
2020-02-14,HEAL,678.0,698.0,666.0,680.0,500500
2020-02-17,HEAL,698.0,700.0,668.0,680.0,150500
2020-02-18,HEAL,680.0,680.0,658.0,662.0,51500
2020-02-19,HEAL,662.0,680.0,660.0,668.0,500500
2020-02-20,HEAL,672.0,684.0,672.0,678.0,537500
2020-02-21,HEAL,678.0,678.0,646.0,660.0,885500
2020-02-24,HEAL,672.0,672.0,658.0,660.0,250500
2020-02-25,HEAL,660.0,672.0,652.0,654.0,953000
2020-02-26,HEAL,672.0,690.0,634.0,634.0,728000
2020-02-27,HEAL,634.0,646.0,630.0,630.0,222500
2020-02-28,HEAL,630.0,640.0,600.0,600.0,1600500
2020-03-02,HEAL,618.0,618.0,602.0,602.0,2618500
2020-03-03,HEAL,616.0,620.0,602.0,602.0,1280500
2020-03-04,HEAL,610.0,630.0,596.0,596.0,6849000
2020-03-05,HEAL,596.0,614.0,596.0,600.0,1877000
2020-03-06,HEAL,598.0,630.0,588.0,592.0,2341500
2020-03-09,HEAL,592.0,592.0,510.0,550.0,5396000
2020-03-10,HEAL,560.0,570.0,524.0,536.0,1631500
2020-03-11,HEAL,536.0,538.0,514.0,536.0,15165000
2020-03-12,HEAL,538.0,538.0,484.0,496.0,14826500
2020-03-13,HEAL,508.0,508.0,462.0,508.0,5249500
2020-03-16,HEAL,508.0,508.0,476.0,496.0,81000
2020-03-17,HEAL,504.0,504.0,462.0,462.0,443500
2020-03-18,HEAL,462.0,472.0,454.0,468.0,2134000
2020-03-19,HEAL,468.0,468.0,436.0,436.0,2437500
2020-03-20,HEAL,410.0,410.0,406.0,406.0,8563500
2020-03-23,HEAL,394.0,400.0,378.0,380.0,2650000
2020-03-24,HEAL,370.0,400.0,370.0,400.0,2328500
2020-03-26,HEAL,400.0,436.0,400.0,416.0,391500
2020-03-27,HEAL,432.0,432.0,402.0,408.0,1023000
2020-03-30,HEAL,408.0,408.0,400.0,400.0,14500
2020-03-31,HEAL,400.0,448.0,400.0,434.0,1000500
2020-04-01,HEAL,450.0,450.0,406.0,406.0,802500
2020-04-02,HEAL,406.0,440.0,406.0,422.0,50500
2020-04-03,HEAL,440.0,448.0,410.0,426.0,1976000
2020-04-06,HEAL,450.0,490.0,428.0,482.0,9869000
2020-04-07,HEAL,494.0,518.0,494.0,502.0,6160000
2020-04-08,HEAL,512.0,526.0,480.0,498.0,5000500
2020-04-09,HEAL,510.0,510.0,488.0,494.0,433000
2020-04-13,HEAL,496.0,500.0,468.0,480.0,507000
2020-04-14,HEAL,500.0,500.0,470.0,490.0,571000
2020-04-15,HEAL,490.0,500.0,458.0,462.0,6673500
2020-04-16,HEAL,460.0,492.0,456.0,460.0,1806500
2020-04-17,HEAL,460.0,490.0,456.0,460.0,6440000
2020-04-20,HEAL,488.0,498.0,466.0,486.0,5194500
2020-04-21,HEAL,498.0,512.0,470.0,478.0,660500
2020-04-22,HEAL,492.0,492.0,472.0,480.0,675000
2020-04-23,HEAL,488.0,500.0,480.0,498.0,3517000
2020-04-24,HEAL,498.0,498.0,474.0,492.0,7186000
2020-04-27,HEAL,492.0,500.0,480.0,492.0,7041000
2020-04-28,HEAL,498.0,498.0,492.0,494.0,801000
2020-04-29,HEAL,496.0,496.0,488.0,492.0,689500
2020-04-30,HEAL,488.0,518.0,484.0,518.0,5891000
2020-05-04,HEAL,518.0,542.0,510.0,514.0,3617500
2020-05-05,HEAL,514.0,550.0,510.0,538.0,1171000
2020-05-06,HEAL,538.0,572.0,536.0,572.0,4662000
2020-05-08,HEAL,572.0,590.0,572.0,580.0,1845000
2020-05-11,HEAL,580.0,590.0,576.0,580.0,4357500
2020-05-12,HEAL,580.0,602.0,578.0,580.0,21649500
2020-05-13,HEAL,596.0,596.0,580.0,586.0,7577500
2020-05-14,HEAL,580.0,590.0,580.0,588.0,5366000
2020-05-15,HEAL,590.0,590.0,578.0,580.0,8430500
2020-05-18,HEAL,580.0,598.0,578.0,580.0,15000500
2020-05-19,HEAL,590.0,600.0,582.0,598.0,15882000
2020-05-20,HEAL,600.0,602.0,598.0,602.0,1691000
2020-05-26,HEAL,602.0,610.0,602.0,602.0,2647000
2020-05-27,HEAL,604.0,630.0,602.0,620.0,3009000
2020-05-28,HEAL,620.0,632.0,618.0,622.0,1237000
2020-05-29,HEAL,628.0,636.0,618.0,630.0,1506000
2020-06-02,HEAL,630.0,642.0,630.0,640.0,2045500
2020-06-03,HEAL,640.0,650.0,638.0,646.0,2500500
2020-06-04,HEAL,648.0,648.0,638.0,640.0,3004500
2020-06-05,HEAL,640.0,646.0,638.0,642.0,1612500
2020-06-08,HEAL,648.0,650.0,638.0,642.0,1719000
2020-06-09,HEAL,646.0,650.0,638.0,650.0,1011000
2020-06-10,HEAL,650.0,654.0,638.0,644.0,1000500
2020-06-11,HEAL,644.0,644.0,626.0,636.0,2317000
2020-06-12,HEAL,624.0,638.0,620.0,624.0,3685500
2020-06-15,HEAL,640.0,644.0,626.0,642.0,3248500
2020-06-16,HEAL,650.0,658.0,640.0,648.0,5639000
2020-06-17,HEAL,656.0,658.0,642.0,648.0,3552000
2020-06-18,HEAL,648.0,652.0,648.0,648.0,15824500
2020-06-19,HEAL,646.0,652.0,636.0,648.0,1648000
2020-06-22,HEAL,642.0,650.0,618.0,620.0,5359500
2020-06-23,HEAL,636.0,644.0,614.0,614.0,4149500
2020-06-24,HEAL,634.0,642.0,614.0,620.0,2286500
2020-06-25,HEAL,626.0,634.0,606.0,606.0,1911500
2020-06-26,HEAL,610.0,618.0,598.0,606.0,5000500
2020-06-29,HEAL,620.0,646.0,606.0,622.0,1825500
2020-06-30,HEAL,622.0,632.0,602.0,610.0,2376000
2020-07-01,HEAL,624.0,628.0,610.0,610.0,1542500
2020-07-02,HEAL,610.0,626.0,596.0,600.0,2599000
2020-07-03,HEAL,600.0,604.0,596.0,600.0,5003000
2020-07-06,HEAL,600.0,604.0,596.0,600.0,4018000
2020-07-07,HEAL,600.0,600.0,594.0,594.0,2571500
2020-07-08,HEAL,594.0,604.0,588.0,600.0,4057500
2020-07-09,HEAL,604.0,608.0,582.0,600.0,2793000
2020-07-10,HEAL,600.0,600.0,592.0,592.0,936500
2020-07-13,HEAL,590.0,600.0,590.0,596.0,2704500
2020-07-14,HEAL,596.0,604.0,594.0,598.0,500500
2020-07-15,HEAL,592.0,600.0,592.0,596.0,1449000
2020-07-16,HEAL,596.0,608.0,596.0,598.0,3710500
2020-07-17,HEAL,598.0,600.0,592.0,594.0,800000
2020-07-20,HEAL,600.0,604.0,594.0,598.0,691000
2020-07-21,HEAL,608.0,620.0,594.0,620.0,205500
2020-07-22,HEAL,610.0,620.0,598.0,616.0,564000
2020-07-23,HEAL,618.0,620.0,600.0,606.0,500500
2020-07-24,HEAL,614.0,614.0,600.0,606.0,899000
2020-07-27,HEAL,610.0,612.0,604.0,606.0,1529500
2020-07-28,HEAL,610.0,610.0,600.0,606.0,1417500
2020-07-29,HEAL,600.0,610.0,600.0,610.0,2323000
2020-07-30,HEAL,610.0,610.0,600.0,610.0,1752500
2020-08-03,HEAL,610.0,616.0,600.0,600.0,3297000
2020-08-04,HEAL,600.0,618.0,582.0,616.0,1373500
2020-08-05,HEAL,616.0,622.0,604.0,620.0,3661500
2020-08-06,HEAL,622.0,636.0,612.0,630.0,2881000
2020-08-07,HEAL,628.0,642.0,628.0,630.0,840000
2020-08-10,HEAL,640.0,642.0,630.0,632.0,503000
2020-08-11,HEAL,632.0,638.0,632.0,634.0,868500
2020-08-12,HEAL,636.0,636.0,624.0,630.0,792500
2020-08-13,HEAL,630.0,636.0,622.0,630.0,1500500
2020-08-14,HEAL,632.0,636.0,622.0,632.0,6500500
2020-08-18,HEAL,632.0,632.0,626.0,628.0,7021000
2020-08-19,HEAL,630.0,632.0,626.0,630.0,968000
2020-08-24,HEAL,610.0,632.0,596.0,628.0,8915500
2020-08-25,HEAL,628.0,634.0,626.0,630.0,1088000
2020-08-26,HEAL,636.0,640.0,626.0,630.0,1817000
2020-08-27,HEAL,638.0,638.0,630.0,632.0,4638000
2020-08-28,HEAL,630.0,668.0,630.0,632.0,1281000
2020-08-31,HEAL,632.0,650.0,630.0,632.0,1951500
2020-09-01,HEAL,630.0,638.0,630.0,632.0,1856500
2020-09-02,HEAL,634.0,640.0,626.0,630.0,4282500
2020-09-03,HEAL,640.0,640.0,628.0,628.0,3295000
2020-09-04,HEAL,640.0,648.0,618.0,620.0,2905500
2020-09-07,HEAL,618.0,648.0,618.0,640.0,1954000
2020-09-08,HEAL,638.0,644.0,632.0,640.0,526000
2020-09-09,HEAL,646.0,646.0,634.0,636.0,754000
2020-09-10,HEAL,640.0,646.0,628.0,628.0,8755000
2020-09-11,HEAL,636.0,636.0,628.0,634.0,1699500
2020-09-14,HEAL,636.0,650.0,634.0,638.0,568500
2020-09-15,HEAL,638.0,640.0,634.0,638.0,1824500
2020-09-16,HEAL,638.0,656.0,636.0,650.0,15747000
2020-09-17,HEAL,650.0,650.0,640.0,642.0,1178000
2020-09-18,HEAL,642.0,668.0,638.0,660.0,5001000
2020-09-21,HEAL,664.0,692.0,664.0,680.0,869500
2020-09-22,HEAL,680.0,680.0,660.0,676.0,101500
2020-09-23,HEAL,676.0,676.0,660.0,672.0,76000
2020-09-24,HEAL,676.0,678.0,626.0,672.0,2443000
2020-09-25,HEAL,672.0,672.0,654.0,660.0,4118500
2020-09-28,HEAL,658.0,660.0,638.0,638.0,1016500
2020-09-29,HEAL,636.0,644.0,634.0,634.0,929500
2020-09-30,HEAL,640.0,660.0,634.0,660.0,3697000
2020-10-01,HEAL,666.0,666.0,640.0,646.0,126500
2020-10-02,HEAL,646.0,650.0,640.0,648.0,758000
2020-10-05,HEAL,652.0,660.0,634.0,644.0,1873000
2020-10-06,HEAL,646.0,654.0,644.0,648.0,1029000
2020-10-07,HEAL,646.0,660.0,634.0,660.0,3603000
2020-10-08,HEAL,660.0,662.0,648.0,654.0,2001000
2020-10-09,HEAL,654.0,654.0,636.0,652.0,628000
2020-10-12,HEAL,650.0,658.0,634.0,646.0,1009000
2020-10-13,HEAL,644.0,646.0,632.0,646.0,2099000
2020-10-14,HEAL,640.0,650.0,634.0,650.0,2609500
2020-10-15,HEAL,648.0,648.0,634.0,634.0,915500
2020-10-16,HEAL,640.0,640.0,630.0,630.0,1168000
2020-10-19,HEAL,632.0,640.0,632.0,632.0,678500
2020-10-20,HEAL,632.0,640.0,630.0,630.0,694500
2020-10-21,HEAL,630.0,638.0,630.0,634.0,517000
2020-10-22,HEAL,634.0,660.0,632.0,632.0,502500
2020-10-23,HEAL,632.0,636.0,628.0,628.0,500000
2020-10-26,HEAL,630.0,644.0,628.0,632.0,238500
2020-10-27,HEAL,634.0,640.0,628.0,630.0,637000
2020-11-02,HEAL,630.0,630.0,620.0,620.0,241500
2020-11-03,HEAL,620.0,640.0,616.0,622.0,161000
2020-11-04,HEAL,624.0,640.0,622.0,630.0,2017500
2020-11-05,HEAL,630.0,638.0,630.0,634.0,408500
2020-11-06,HEAL,634.0,648.0,634.0,644.0,536500
2020-11-09,HEAL,652.0,664.0,644.0,650.0,1525000
2020-11-10,HEAL,650.0,664.0,648.0,658.0,848000
2020-11-11,HEAL,658.0,724.0,656.0,662.0,19602500
2020-11-12,HEAL,666.0,740.0,666.0,690.0,26032000
2020-11-13,HEAL,690.0,714.0,690.0,700.0,1231500
2020-11-16,HEAL,700.0,728.0,694.0,708.0,1299000
2020-11-17,HEAL,714.0,726.0,698.0,702.0,1797500
2020-11-18,HEAL,708.0,708.0,700.0,700.0,2665000
2020-11-19,HEAL,700.0,722.0,694.0,694.0,7730500
2020-11-20,HEAL,694.0,710.0,692.0,694.0,1062500
2020-11-23,HEAL,694.0,740.0,694.0,698.0,6083000
2020-11-24,HEAL,700.0,708.0,698.0,700.0,2817000
2020-11-25,HEAL,700.0,704.0,694.0,698.0,6575500
2020-11-26,HEAL,700.0,740.0,700.0,736.0,8631500
2020-11-27,HEAL,736.0,800.0,736.0,784.0,25006000
2020-11-30,HEAL,786.0,820.0,774.0,780.0,16125000
2020-12-01,HEAL,780.0,800.0,780.0,780.0,4984500
2020-12-02,HEAL,780.0,790.0,778.0,780.0,8005500
2020-12-03,HEAL,790.0,798.0,764.0,766.0,1903500
2020-12-04,HEAL,786.0,786.0,758.0,758.0,1501000
2020-12-07,HEAL,760.0,796.0,754.0,756.0,1614500
2020-12-08,HEAL,758.0,778.0,750.0,752.0,701000
2020-12-10,HEAL,752.0,760.0,750.0,760.0,6540000
2020-12-11,HEAL,760.0,780.0,750.0,758.0,1135000
2020-12-14,HEAL,764.0,788.0,750.0,750.0,2204500
2020-12-15,HEAL,752.0,758.0,750.0,750.0,2299000
2020-12-16,HEAL,766.0,780.0,750.0,760.0,1011500
2020-12-17,HEAL,760.0,762.0,750.0,758.0,3111500
2020-12-18,HEAL,758.0,790.0,740.0,740.0,7297000
2020-12-21,HEAL,742.0,778.0,740.0,764.0,2245000
2020-12-22,HEAL,764.0,764.0,750.0,758.0,841500
2020-12-23,HEAL,758.0,784.0,752.0,784.0,1302000
2020-12-28,HEAL,786.0,790.0,768.0,768.0,565500
2020-12-29,HEAL,780.0,780.0,758.0,758.0,154500
2020-12-30,HEAL,760.0,780.0,706.0,706.0,16969500
2021-01-04,HEAL,706.0,786.0,706.0,780.0,3073500
2021-01-05,HEAL,782.0,782.0,758.0,762.0,1210500
2021-01-06,HEAL,762.0,778.0,762.0,770.0,1253000
2021-01-07,HEAL,774.0,788.0,764.0,786.0,961500
2021-01-08,HEAL,788.0,790.0,770.0,774.0,1064000
2021-01-11,HEAL,774.0,780.0,758.0,780.0,5866500
2021-01-12,HEAL,780.0,786.0,772.0,776.0,1500500
2021-01-13,HEAL,778.0,778.0,770.0,774.0,1500500
2021-01-14,HEAL,776.0,776.0,768.0,770.0,3469000
2021-01-15,HEAL,772.0,776.0,766.0,770.0,17102500
2021-01-18,HEAL,770.0,774.0,758.0,760.0,12267000
2021-01-19,HEAL,760.0,780.0,750.0,750.0,9500000
2021-01-20,HEAL,760.0,762.0,754.0,756.0,3400000
2021-01-21,HEAL,758.0,780.0,752.0,780.0,41843000
2021-01-22,HEAL,786.0,786.0,768.0,770.0,17861000
2021-01-25,HEAL,772.0,776.0,760.0,770.0,7196500
2021-01-26,HEAL,772.0,820.0,770.0,800.0,6358000
2021-01-27,HEAL,800.0,808.0,788.0,792.0,8239000
2021-01-28,HEAL,792.0,828.0,792.0,800.0,4454500
2021-01-29,HEAL,810.0,822.0,796.0,800.0,11005500
2021-02-01,HEAL,800.0,802.0,790.0,800.0,4524000
2021-02-02,HEAL,800.0,824.0,800.0,810.0,7500500
2021-02-03,HEAL,812.0,826.0,806.0,810.0,15796000
2021-02-04,HEAL,814.0,814.0,798.0,800.0,27169500
2021-02-05,HEAL,800.0,840.0,800.0,816.0,2032500
2021-02-08,HEAL,816.0,838.0,816.0,818.0,5874000
2021-02-09,HEAL,818.0,830.0,818.0,822.0,16967000
2021-02-10,HEAL,826.0,826.0,802.0,812.0,15854000
2021-02-11,HEAL,822.0,822.0,808.0,812.0,507500
2021-02-15,HEAL,820.0,826.0,814.0,820.0,26170000
2021-02-16,HEAL,826.0,828.0,796.0,800.0,10573000
2021-02-17,HEAL,802.0,810.0,800.0,806.0,3029000
2021-02-18,HEAL,808.0,840.0,806.0,820.0,4647500
2021-02-19,HEAL,820.0,828.0,800.0,820.0,20114000
2021-02-22,HEAL,820.0,830.0,818.0,820.0,11019500
2021-02-23,HEAL,816.0,832.0,816.0,820.0,15398500
2021-02-24,HEAL,826.0,852.0,810.0,810.0,11722000
2021-02-25,HEAL,810.0,820.0,808.0,810.0,21578500
2021-02-26,HEAL,800.0,830.0,800.0,812.0,15466000
2021-03-01,HEAL,812.0,846.0,812.0,814.0,10707500
2021-03-02,HEAL,830.0,852.0,822.0,840.0,8043500
2021-03-03,HEAL,842.0,888.0,832.0,832.0,17086500
2021-03-04,HEAL,842.0,852.0,832.0,832.0,7876500
2021-03-05,HEAL,832.0,850.0,814.0,820.0,10400000
2021-03-08,HEAL,820.0,846.0,808.0,814.0,19101500
2021-03-09,HEAL,818.0,846.0,810.0,812.0,7544500
2021-03-10,HEAL,812.0,860.0,812.0,818.0,6044000
2021-03-12,HEAL,818.0,872.0,818.0,824.0,2969500
2021-03-15,HEAL,826.0,858.0,818.0,820.0,3052000
2021-03-16,HEAL,822.0,856.0,820.0,854.0,2555500
2021-03-17,HEAL,854.0,880.0,842.0,880.0,3042000
2021-03-18,HEAL,880.0,940.0,876.0,918.0,2510500
2021-03-19,HEAL,918.0,958.0,918.0,938.0,2173000
2021-03-22,HEAL,950.0,976.0,934.0,934.0,4176500
2021-03-23,HEAL,934.0,960.0,934.0,960.0,2633000
2021-03-24,HEAL,960.0,960.0,928.0,936.0,5003500
2021-03-25,HEAL,938.0,960.0,888.0,920.0,4359000
2021-03-26,HEAL,924.0,938.0,912.0,920.0,3817000
2021-03-29,HEAL,920.0,954.0,906.0,912.0,2558500
2021-03-30,HEAL,920.0,920.0,908.0,910.0,2976500
2021-03-31,HEAL,910.0,918.0,896.0,900.0,10000500
2021-04-01,HEAL,900.0,938.0,900.0,920.0,6033500
2021-04-05,HEAL,920.0,928.0,902.0,908.0,2229500
2021-04-06,HEAL,920.0,920.0,902.0,920.0,2032500
2021-04-07,HEAL,920.0,926.0,908.0,920.0,9000500
2021-04-08,HEAL,920.0,920.0,904.0,908.0,1938000
2021-04-09,HEAL,920.0,920.0,904.0,906.0,2417500
2021-04-12,HEAL,910.0,920.0,908.0,914.0,2316500
2021-04-13,HEAL,918.0,948.0,908.0,940.0,6108500
2021-04-14,HEAL,936.0,956.0,926.0,926.0,897500
2021-04-15,HEAL,920.0,934.0,906.0,916.0,9918500
2021-04-16,HEAL,916.0,916.0,904.0,906.0,1977000
2021-04-19,HEAL,916.0,918.0,906.0,918.0,1541500
2021-04-20,HEAL,918.0,960.0,906.0,916.0,2236500
2021-04-21,HEAL,918.0,920.0,910.0,914.0,2887500
2021-04-22,HEAL,914.0,918.0,906.0,912.0,1200500
2021-04-23,HEAL,916.0,918.0,906.0,910.0,3940000
2021-04-26,HEAL,910.0,956.0,910.0,934.0,1011000
2021-04-27,HEAL,936.0,956.0,914.0,922.0,1587500
2021-04-28,HEAL,922.0,922.0,912.0,922.0,5000000
2021-04-29,HEAL,924.0,940.0,920.0,920.0,5836000
2021-04-30,HEAL,940.0,982.0,904.0,906.0,3639000
2021-05-03,HEAL,908.0,922.0,906.0,908.0,5104000
2021-05-04,HEAL,928.0,938.0,908.0,908.0,8395500
2021-05-05,HEAL,928.0,928.0,902.0,906.0,1564000
2021-05-06,HEAL,906.0,938.0,902.0,906.0,4159000
2021-05-07,HEAL,910.0,910.0,904.0,904.0,1182500
2021-05-10,HEAL,904.0,912.0,902.0,910.0,5002000
2021-05-11,HEAL,910.0,910.0,900.0,900.0,1196000
2021-05-17,HEAL,900.0,916.0,900.0,908.0,15032500
2021-05-18,HEAL,916.0,990.0,916.0,930.0,32909500
2021-05-19,HEAL,930.0,974.0,930.0,966.0,13662000
2021-05-20,HEAL,974.0,984.0,952.0,952.0,2500000
2021-05-21,HEAL,960.0,970.0,936.0,936.0,1553500
2021-05-24,HEAL,940.0,958.0,904.0,932.0,6736500
2021-05-25,HEAL,932.0,958.0,918.0,932.0,7508500
2021-05-27,HEAL,932.0,960.0,922.0,926.0,805500
2021-05-28,HEAL,932.0,940.0,906.0,920.0,3528500
2021-05-31,HEAL,928.0,956.0,928.0,938.0,5892000
2021-06-02,HEAL,938.0,964.0,916.0,920.0,6861000
2021-06-03,HEAL,936.0,936.0,892.0,910.0,3947000
2021-06-04,HEAL,912.0,930.0,886.0,892.0,5502000
2021-06-07,HEAL,882.0,908.0,876.0,886.0,7587000
2021-06-08,HEAL,886.0,900.0,872.0,890.0,4387000
2021-06-09,HEAL,886.0,912.0,884.0,898.0,8328000
2021-06-10,HEAL,898.0,920.0,896.0,900.0,684000
2021-06-11,HEAL,900.0,910.0,884.0,890.0,9285500
2021-06-14,HEAL,898.0,914.0,888.0,890.0,15762500
2021-06-15,HEAL,908.0,910.0,896.0,900.0,26641000
2021-06-16,HEAL,896.0,900.0,886.0,896.0,6855000
2021-06-17,HEAL,896.0,898.0,886.0,898.0,10500500
2021-06-18,HEAL,896.0,908.0,892.0,902.0,23250500
2021-06-21,HEAL,902.0,972.0,902.0,940.0,13958000
2021-06-22,HEAL,940.0,986.0,940.0,970.0,8547500
2021-06-23,HEAL,970.0,1010.0,970.0,990.0,11836500
2021-06-24,HEAL,990.0,1140.0,990.0,1000.0,53041500
2021-06-25,HEAL,1000.0,1065.0,994.0,1020.0,35323500
2021-06-28,HEAL,1020.0,1120.0,1020.0,1085.0,20158500
2021-06-29,HEAL,1100.0,1130.0,1075.0,1080.0,35006000
2021-06-30,HEAL,1090.0,1120.0,1020.0,1120.0,16668000
2021-07-01,HEAL,1130.0,1175.0,1100.0,1175.0,10014000
2021-07-02,HEAL,1180.0,1185.0,1145.0,1160.0,6266000
2021-07-05,HEAL,1165.0,1195.0,1160.0,1185.0,7504000
2021-07-06,HEAL,1185.0,1245.0,1175.0,1195.0,8868500
2021-07-07,HEAL,1195.0,1250.0,1180.0,1200.0,5360000
2021-07-08,HEAL,1200.0,1230.0,1180.0,1220.0,10001000
2021-07-09,HEAL,1220.0,1240.0,1210.0,1230.0,7574500
2021-07-12,HEAL,1235.0,1260.0,1220.0,1245.0,20030000
2021-07-13,HEAL,1255.0,1260.0,1200.0,1200.0,17183500
2021-07-14,HEAL,1200.0,1240.0,1195.0,1200.0,14000000
2021-07-15,HEAL,1200.0,1230.0,1200.0,1210.0,6730000
2021-07-16,HEAL,1210.0,1220.0,1190.0,1200.0,7501000
2021-07-19,HEAL,1200.0,1215.0,1190.0,1200.0,7536500
2021-07-21,HEAL,1200.0,1210.0,1195.0,1205.0,6559500
2021-07-22,HEAL,1205.0,1220.0,1195.0,1200.0,11011000
2021-07-23,HEAL,1200.0,1215.0,1150.0,1175.0,5328000
2021-07-26,HEAL,1160.0,1195.0,1145.0,1160.0,5999000
2021-07-27,HEAL,1160.0,1220.0,1160.0,1160.0,11188500
2021-07-28,HEAL,1170.0,1195.0,1155.0,1160.0,7288500
2021-07-29,HEAL,1190.0,1195.0,1165.0,1170.0,5652000
2021-07-30,HEAL,1195.0,1200.0,1160.0,1170.0,4693800
2021-08-02,HEAL,1210.0,1270.0,1180.0,1190.0,10000100
2021-08-03,HEAL,1190.0,1270.0,1190.0,1210.0,9573200
2021-08-04,HEAL,1230.0,1240.0,1185.0,1190.0,12738000
2021-08-05,HEAL,1190.0,1195.0,1165.0,1175.0,23289600
2021-08-06,HEAL,1185.0,1205.0,1150.0,1175.0,7422900
2021-08-09,HEAL,1175.0,1190.0,1120.0,1160.0,14187000
2021-08-10,HEAL,1160.0,1175.0,1145.0,1160.0,13737200
2021-08-12,HEAL,1150.0,1170.0,1130.0,1160.0,8602800
2021-08-13,HEAL,1155.0,1185.0,1155.0,1165.0,13392600
2021-08-16,HEAL,1165.0,1175.0,1145.0,1150.0,15069100
2021-08-18,HEAL,1150.0,1170.0,1125.0,1125.0,18506900
2021-08-19,HEAL,1120.0,1145.0,1110.0,1130.0,12704500
2021-08-20,HEAL,1125.0,1140.0,1095.0,1115.0,25517200
2021-08-23,HEAL,1120.0,1150.0,1115.0,1135.0,13004800
2021-08-24,HEAL,1140.0,1150.0,1110.0,1130.0,14087300
2021-08-25,HEAL,1135.0,1145.0,1120.0,1140.0,20375800
2021-08-26,HEAL,1145.0,1155.0,1095.0,1125.0,45002000
2021-08-27,HEAL,1125.0,1160.0,1125.0,1160.0,21238100
2021-08-30,HEAL,1170.0,1180.0,1125.0,1160.0,33952300
2021-08-31,HEAL,1160.0,1175.0,1160.0,1160.0,3038300
2021-09-01,HEAL,1160.0,1175.0,1150.0,1160.0,8858300
2021-09-02,HEAL,1160.0,1225.0,1160.0,1215.0,15613600
2021-09-03,HEAL,1220.0,1285.0,1215.0,1250.0,15158800
2021-09-06,HEAL,1250.0,1280.0,1235.0,1245.0,8005000
2021-09-07,HEAL,1245.0,1275.0,1235.0,1240.0,7529300
2021-09-08,HEAL,1240.0,1245.0,1220.0,1225.0,10008900
2021-09-09,HEAL,1235.0,1250.0,1220.0,1235.0,9931300
2021-09-10,HEAL,1250.0,1250.0,1235.0,1240.0,11145900
2021-09-13,HEAL,1245.0,1250.0,1205.0,1220.0,10004800
2021-09-14,HEAL,1215.0,1225.0,1165.0,1190.0,17013000
2021-09-15,HEAL,1190.0,1200.0,1165.0,1200.0,13007500
2021-09-16,HEAL,1200.0,1205.0,1170.0,1195.0,12008800
2021-09-17,HEAL,1195.0,1210.0,1165.0,1205.0,13438200
2021-09-20,HEAL,1205.0,1210.0,1165.0,1180.0,11700500
2021-09-21,HEAL,1180.0,1210.0,1165.0,1180.0,20109200
2021-09-22,HEAL,1195.0,1195.0,1165.0,1175.0,7344200
2021-09-23,HEAL,1185.0,1190.0,1155.0,1160.0,9536900
2021-09-24,HEAL,1180.0,1180.0,1120.0,1175.0,10000300
2021-09-27,HEAL,1185.0,1190.0,1155.0,1175.0,14005600
2021-09-28,HEAL,1175.0,1185.0,1135.0,1165.0,30004000
2021-09-29,HEAL,1160.0,1165.0,1140.0,1160.0,18009700
2021-09-30,HEAL,1160.0,1180.0,1150.0,1170.0,10015200
2021-10-01,HEAL,1170.0,1195.0,1160.0,1180.0,8612200
2021-10-04,HEAL,1180.0,1220.0,1145.0,1165.0,21036900
2021-10-05,HEAL,1165.0,1165.0,1115.0,1145.0,14031700
2021-10-06,HEAL,1150.0,1150.0,1120.0,1140.0,10009500
2021-10-07,HEAL,1140.0,1160.0,1120.0,1125.0,17562800
2021-10-08,HEAL,1125.0,1145.0,1125.0,1135.0,25553700
2021-10-11,HEAL,1140.0,1150.0,1130.0,1140.0,13850100
2021-10-12,HEAL,1145.0,1205.0,1135.0,1180.0,13216300
2021-10-13,HEAL,1185.0,1220.0,1175.0,1180.0,11003100
2021-10-14,HEAL,1180.0,1190.0,1140.0,1150.0,20940300
2021-10-15,HEAL,1150.0,1150.0,1130.0,1140.0,9784200
2021-10-18,HEAL,1140.0,1170.0,1140.0,1155.0,14003100
2021-10-19,HEAL,1155.0,1170.0,1130.0,1135.0,6286400
2021-10-21,HEAL,1135.0,1155.0,1100.0,1155.0,14782500
2021-10-22,HEAL,1155.0,1155.0,1130.0,1140.0,4416200
2021-10-25,HEAL,1140.0,1160.0,1140.0,1155.0,16769000
2021-10-26,HEAL,1160.0,1190.0,1155.0,1175.0,18877800
2021-10-27,HEAL,1180.0,1190.0,1170.0,1175.0,23182700
2021-10-28,HEAL,1175.0,1225.0,1165.0,1185.0,10836100
2021-10-29,HEAL,1190.0,1225.0,1170.0,1175.0,19542000
2021-11-01,HEAL,1175.0,1175.0,1125.0,1140.0,14578000
2021-11-02,HEAL,1140.0,1150.0,1115.0,1130.0,8124400
2021-11-03,HEAL,1130.0,1130.0,1115.0,1125.0,14604400
2021-11-04,HEAL,1125.0,1130.0,1110.0,1115.0,13304500
2021-11-05,HEAL,1120.0,1150.0,1115.0,1125.0,13546900
2021-11-08,HEAL,1125.0,1135.0,1100.0,1110.0,16320800
2021-11-09,HEAL,1115.0,1115.0,1050.0,1060.0,19978100
2021-11-10,HEAL,1060.0,1090.0,1015.0,1020.0,23708700
2021-11-11,HEAL,1030.0,1040.0,990.0,1000.0,33067400
2021-11-12,HEAL,1005.0,1015.0,990.0,1000.0,27756100
2021-11-15,HEAL,1010.0,1030.0,1000.0,1020.0,11069300
2021-11-16,HEAL,1020.0,1030.0,995.0,1000.0,11623200
2021-11-17,HEAL,1005.0,1015.0,995.0,1000.0,10060100
2021-11-18,HEAL,1000.0,1010.0,985.0,995.0,15660800
2021-11-19,HEAL,1000.0,1000.0,985.0,995.0,10039100
2021-11-22,HEAL,995.0,1005.0,990.0,1000.0,22257700
2021-11-23,HEAL,1000.0,1010.0,990.0,995.0,13354600
2021-11-24,HEAL,995.0,1000.0,985.0,990.0,8891300
2021-11-25,HEAL,990.0,995.0,975.0,975.0,6045000
2021-11-26,HEAL,975.0,975.0,945.0,950.0,50124000
2021-11-29,HEAL,950.0,985.0,950.0,980.0,13980200
2021-11-30,HEAL,985.0,995.0,960.0,990.0,11582300
2021-12-01,HEAL,995.0,1015.0,975.0,1005.0,11547900
2021-12-02,HEAL,1015.0,1055.0,1005.0,1045.0,11346900
2021-12-03,HEAL,1045.0,1060.0,1010.0,1015.0,6029800
2021-12-06,HEAL,1010.0,1040.0,1000.0,1020.0,3117700
2021-12-07,HEAL,1020.0,1025.0,965.0,990.0,5449700
2021-12-08,HEAL,1000.0,1020.0,980.0,1015.0,10685700
2021-12-09,HEAL,1015.0,1025.0,1000.0,1005.0,7551800
2021-12-10,HEAL,1005.0,1020.0,990.0,995.0,10000100
2021-12-13,HEAL,1050.0,1050.0,1005.0,1010.0,20030100
2021-12-14,HEAL,1020.0,1050.0,1010.0,1035.0,15136700
2021-12-15,HEAL,1040.0,1050.0,1020.0,1030.0,10085800
2021-12-16,HEAL,1030.0,1095.0,1020.0,1080.0,36010700
2021-12-17,HEAL,1090.0,1095.0,1045.0,1050.0,21752500
2021-12-20,HEAL,1055.0,1065.0,1000.0,1045.0,12755900
2021-12-21,HEAL,1050.0,1085.0,1020.0,1040.0,22004100
2021-12-22,HEAL,1030.0,1065.0,1025.0,1030.0,10260400
2021-12-23,HEAL,1025.0,1035.0,1005.0,1005.0,4527400
2021-12-24,HEAL,1005.0,1025.0,975.0,1000.0,10424500
2021-12-27,HEAL,1000.0,1035.0,1000.0,1010.0,5050500
2021-12-28,HEAL,1015.0,1035.0,1000.0,1005.0,7078500
2021-12-29,HEAL,1005.0,1030.0,1005.0,1020.0,10232500
2021-12-30,HEAL,1025.0,1090.0,1020.0,1070.0,30991100
2022-01-03,HEAL,1075.0,1080.0,1030.0,1070.0,10076100
2022-01-04,HEAL,1075.0,1075.0,1055.0,1070.0,16004300
2022-01-05,HEAL,1070.0,1085.0,1060.0,1070.0,25094300
2022-01-06,HEAL,1050.0,1100.0,1050.0,1085.0,24046700
2022-01-07,HEAL,1090.0,1100.0,1075.0,1085.0,4757400
2022-01-10,HEAL,1100.0,1140.0,1085.0,1135.0,17652100
2022-01-11,HEAL,1140.0,1150.0,1110.0,1135.0,17309500
2022-01-12,HEAL,1135.0,1155.0,1110.0,1130.0,13631200
2022-01-13,HEAL,1130.0,1145.0,1105.0,1135.0,10440900
2022-01-14,HEAL,1135.0,1140.0,1085.0,1110.0,32861400
2022-01-17,HEAL,1110.0,1135.0,1100.0,1105.0,12054000
2022-01-18,HEAL,1105.0,1120.0,1080.0,1120.0,21100100
2022-01-19,HEAL,1110.0,1125.0,1100.0,1125.0,20061300
2022-01-20,HEAL,1130.0,1145.0,1110.0,1130.0,16542100
2022-01-21,HEAL,1130.0,1145.0,1120.0,1130.0,5212400
2022-01-24,HEAL,1130.0,1150.0,1110.0,1145.0,40012200
2022-01-25,HEAL,1150.0,1150.0,1115.0,1115.0,14444600
2022-01-26,HEAL,1115.0,1180.0,1115.0,1130.0,16635300
2022-01-27,HEAL,1145.0,1145.0,1115.0,1120.0,10621300
2022-01-28,HEAL,1120.0,1130.0,1100.0,1110.0,9843200
2022-01-31,HEAL,1110.0,1115.0,1090.0,1095.0,7191600
2022-02-02,HEAL,1110.0,1115.0,1095.0,1100.0,11520100
2022-02-03,HEAL,1100.0,1110.0,1080.0,1080.0,3753500
2022-02-04,HEAL,1080.0,1100.0,1055.0,1080.0,2993600
2022-02-07,HEAL,1090.0,1110.0,1070.0,1075.0,2723100
2022-02-08,HEAL,1075.0,1090.0,1035.0,1060.0,23368200
2022-02-09,HEAL,1050.0,1095.0,1010.0,1095.0,10607800
2022-02-10,HEAL,1090.0,1095.0,1025.0,1065.0,16348500
2022-02-11,HEAL,1065.0,1065.0,1025.0,1040.0,6259700
2022-02-14,HEAL,1040.0,1055.0,1015.0,1040.0,11508600
2022-02-15,HEAL,1040.0,1080.0,1030.0,1045.0,15008600
2022-02-16,HEAL,1050.0,1110.0,1050.0,1075.0,13617600
2022-02-17,HEAL,1075.0,1135.0,1075.0,1090.0,13837600
2022-02-18,HEAL,1090.0,1120.0,1070.0,1095.0,19034000
2022-02-21,HEAL,1100.0,1105.0,1045.0,1065.0,17056000
2022-02-22,HEAL,1060.0,1095.0,1045.0,1070.0,14342600
2022-02-23,HEAL,1080.0,1085.0,1055.0,1070.0,15064200
2022-02-24,HEAL,1065.0,1070.0,1035.0,1045.0,16807800
2022-02-25,HEAL,1045.0,1095.0,1030.0,1065.0,6985500
2022-03-01,HEAL,1065.0,1095.0,1040.0,1075.0,34376800
2022-03-02,HEAL,1075.0,1095.0,1065.0,1070.0,22568300
2022-03-04,HEAL,1070.0,1110.0,1060.0,1085.0,25083200
2022-03-07,HEAL,1090.0,1090.0,1040.0,1075.0,21940000
2022-03-08,HEAL,1075.0,1180.0,1075.0,1140.0,71459700
2022-03-09,HEAL,1165.0,1175.0,1140.0,1150.0,55436400
2022-03-10,HEAL,1165.0,1230.0,1140.0,1230.0,40795700
2022-03-11,HEAL,1230.0,1230.0,1175.0,1190.0,12405900
2022-03-14,HEAL,1190.0,1200.0,1145.0,1145.0,17542000
2022-03-15,HEAL,1160.0,1175.0,1145.0,1165.0,17032200
2022-03-16,HEAL,1165.0,1185.0,1165.0,1175.0,10027100
2022-03-17,HEAL,1175.0,1190.0,1165.0,1180.0,10002600
2022-03-18,HEAL,1180.0,1190.0,1170.0,1185.0,9000500
2022-03-21,HEAL,1195.0,1205.0,1185.0,1200.0,7198200
2022-03-22,HEAL,1205.0,1230.0,1190.0,1215.0,10181800
2022-03-23,HEAL,1200.0,1230.0,1195.0,1215.0,10990400
2022-03-24,HEAL,1215.0,1245.0,1205.0,1205.0,20463600
2022-03-25,HEAL,1205.0,1210.0,1190.0,1195.0,11434200
2022-03-28,HEAL,1195.0,1215.0,1170.0,1180.0,11660200
2022-03-29,HEAL,1180.0,1180.0,1145.0,1155.0,7097400
2022-03-30,HEAL,1155.0,1160.0,1150.0,1155.0,15000300
2022-03-31,HEAL,1160.0,1185.0,1145.0,1175.0,12001100
2022-04-01,HEAL,1190.0,1265.0,1180.0,1215.0,31028100
2022-04-04,HEAL,1225.0,1250.0,1220.0,1240.0,13001400
2022-04-05,HEAL,1245.0,1295.0,1220.0,1295.0,13089500
2022-04-06,HEAL,1295.0,1300.0,1260.0,1280.0,21689700
2022-04-07,HEAL,1260.0,1280.0,1235.0,1270.0,22083600
2022-04-08,HEAL,1270.0,1305.0,1240.0,1300.0,28102400
2022-04-11,HEAL,1300.0,1375.0,1300.0,1345.0,60129300
2022-04-12,HEAL,1350.0,1390.0,1330.0,1335.0,50268300
2022-04-13,HEAL,1335.0,1410.0,1335.0,1350.0,39006700
2022-04-14,HEAL,1355.0,1395.0,1350.0,1390.0,14002000
2022-04-18,HEAL,1400.0,1440.0,1385.0,1390.0,25121800
2022-04-19,HEAL,1390.0,1415.0,1370.0,1375.0,26281400
2022-04-20,HEAL,1375.0,1445.0,1370.0,1390.0,19017400
2022-04-21,HEAL,1395.0,1410.0,1380.0,1400.0,16302700
2022-04-22,HEAL,1400.0,1420.0,1375.0,1410.0,35524000
2022-04-25,HEAL,1400.0,1420.0,1380.0,1410.0,10011900
2022-04-26,HEAL,1410.0,1415.0,1385.0,1390.0,10441800
2022-04-27,HEAL,1390.0,1400.0,1365.0,1395.0,20030900
2022-04-28,HEAL,1395.0,1480.0,1380.0,1400.0,16631500
2022-05-09,HEAL,1380.0,1435.0,1370.0,1400.0,18117900
2022-05-10,HEAL,1400.0,1400.0,1365.0,1380.0,31232100
2022-05-11,HEAL,1375.0,1390.0,1370.0,1390.0,10000700
2022-05-12,HEAL,1390.0,1395.0,1375.0,1380.0,20006500
2022-05-13,HEAL,1350.0,1400.0,1345.0,1385.0,30006500
2022-05-17,HEAL,1385.0,1400.0,1350.0,1375.0,45704700
2022-05-18,HEAL,1350.0,1390.0,1350.0,1375.0,27620300
2022-05-19,HEAL,1375.0,1385.0,1345.0,1370.0,20510400
2022-05-20,HEAL,1370.0,1395.0,1370.0,1390.0,24907600
2022-05-23,HEAL,1395.0,1440.0,1385.0,1385.0,23283800
2022-05-24,HEAL,1395.0,1400.0,1385.0,1395.0,20119000
2022-05-25,HEAL,1395.0,1445.0,1390.0,1435.0,30545300
2022-05-27,HEAL,1450.0,1545.0,1445.0,1460.0,45369300
2022-05-30,HEAL,1475.0,1480.0,1450.0,1450.0,21047500
2022-05-31,HEAL,1450.0,1450.0,1375.0,1375.0,111985100
2022-06-02,HEAL,1385.0,1395.0,1345.0,1375.0,40450600
2022-06-03,HEAL,1380.0,1395.0,1360.0,1370.0,26549300
2022-06-06,HEAL,1365.0,1395.0,1360.0,1375.0,13373100
2022-06-07,HEAL,1380.0,1390.0,1365.0,1375.0,28002800
2022-06-08,HEAL,1375.0,1400.0,1365.0,1375.0,24006000
2022-06-09,HEAL,1375.0,1385.0,1350.0,1365.0,23318000
2022-06-10,HEAL,1365.0,1375.0,1360.0,1360.0,13332700
2022-06-13,HEAL,1320.0,1370.0,1315.0,1365.0,9505300
2022-06-14,HEAL,1365.0,1375.0,1360.0,1370.0,22383500
2022-06-15,HEAL,1370.0,1395.0,1360.0,1375.0,25809900
2022-06-16,HEAL,1375.0,1445.0,1375.0,1420.0,24006800
2022-06-17,HEAL,1420.0,1495.0,1420.0,1495.0,21232700
2022-06-20,HEAL,1495.0,1520.0,1470.0,1475.0,20006600
2022-06-21,HEAL,1475.0,1500.0,1465.0,1480.0,4807200
2022-06-22,HEAL,1480.0,1500.0,1460.0,1460.0,12803800
2022-06-23,HEAL,1435.0,1500.0,1435.0,1500.0,13741500
2022-06-24,HEAL,1480.0,1510.0,1460.0,1465.0,14304100
2022-06-27,HEAL,1465.0,1470.0,1450.0,1460.0,7838200
2022-06-28,HEAL,1460.0,1510.0,1455.0,1475.0,17889600
2022-06-29,HEAL,1475.0,1510.0,1470.0,1480.0,6456200
2022-06-30,HEAL,1480.0,1600.0,1475.0,1505.0,32687600
2022-07-01,HEAL,1525.0,1595.0,1510.0,1525.0,26054800
2022-07-04,HEAL,1530.0,1550.0,1495.0,1500.0,31524400
2022-07-05,HEAL,1500.0,1550.0,1485.0,1530.0,28434400
2022-07-06,HEAL,1530.0,1595.0,1530.0,1550.0,24565100
2022-07-07,HEAL,1550.0,1600.0,1530.0,1550.0,11231500
2022-07-08,HEAL,1525.0,1585.0,1515.0,1550.0,15007400
2022-07-11,HEAL,1550.0,1680.0,1540.0,1600.0,26025600
2022-07-12,HEAL,1595.0,1625.0,1590.0,1600.0,29874800
2022-07-13,HEAL,1595.0,1640.0,1590.0,1590.0,12210700
2022-07-14,HEAL,1590.0,1600.0,1535.0,1575.0,13414700
2022-07-15,HEAL,1575.0,1585.0,1550.0,1570.0,11666800
2022-07-18,HEAL,1570.0,1610.0,1570.0,1580.0,10047500
2022-07-19,HEAL,1580.0,1605.0,1550.0,1560.0,8418600
2022-07-20,HEAL,1550.0,1610.0,1545.0,1560.0,14505800
2022-07-21,HEAL,1560.0,1580.0,1535.0,1535.0,11051700
2022-07-22,HEAL,1535.0,1560.0,1495.0,1520.0,18003100
2022-07-25,HEAL,1510.0,1540.0,1495.0,1505.0,5087800
2022-07-26,HEAL,1505.0,1525.0,1475.0,1485.0,4974200
2022-07-27,HEAL,1485.0,1510.0,1485.0,1495.0,10287200
2022-07-28,HEAL,1500.0,1530.0,1460.0,1475.0,10002000
2022-07-29,HEAL,1475.0,1480.0,1425.0,1435.0,6107900
2022-08-01,HEAL,1430.0,1465.0,1410.0,1435.0,10008400
2022-08-02,HEAL,1435.0,1475.0,1415.0,1455.0,9901200
2022-08-03,HEAL,1450.0,1475.0,1440.0,1450.0,3839400
2022-08-04,HEAL,1470.0,1470.0,1425.0,1435.0,8119900
2022-08-05,HEAL,1435.0,1450.0,1405.0,1410.0,4203400
2022-08-08,HEAL,1410.0,1440.0,1375.0,1380.0,13399200
2022-08-09,HEAL,1360.0,1380.0,1300.0,1320.0,47906800
2022-08-10,HEAL,1320.0,1350.0,1315.0,1325.0,30231800
2022-08-11,HEAL,1330.0,1355.0,1320.0,1340.0,21341000
2022-08-12,HEAL,1345.0,1350.0,1320.0,1325.0,19405100
2022-08-15,HEAL,1325.0,1330.0,1300.0,1320.0,25200600
2022-08-16,HEAL,1325.0,1375.0,1320.0,1365.0,31389400
2022-08-18,HEAL,1365.0,1390.0,1350.0,1365.0,27006100
2022-08-19,HEAL,1370.0,1385.0,1370.0,1375.0,10043600
2022-08-22,HEAL,1410.0,1480.0,1410.0,1415.0,25399200
2022-08-23,HEAL,1420.0,1430.0,1390.0,1410.0,30702200
2022-08-24,HEAL,1410.0,1460.0,1400.0,1430.0,20085600
2022-08-25,HEAL,1435.0,1485.0,1415.0,1415.0,19970900
2022-08-26,HEAL,1415.0,1500.0,1415.0,1460.0,20977200
2022-08-29,HEAL,1450.0,1500.0,1445.0,1470.0,12121800
2022-08-30,HEAL,1490.0,1500.0,1470.0,1490.0,12005700
2022-08-31,HEAL,1490.0,1495.0,1460.0,1490.0,10019300
2022-09-01,HEAL,1460.0,1500.0,1445.0,1445.0,17110600
2022-09-02,HEAL,1445.0,1475.0,1445.0,1460.0,18141700
2022-09-05,HEAL,1450.0,1500.0,1450.0,1490.0,16244400
2022-09-06,HEAL,1500.0,1545.0,1500.0,1515.0,17040700
2022-09-07,HEAL,1515.0,1530.0,1490.0,1495.0,20041200
2022-09-08,HEAL,1500.0,1500.0,1450.0,1485.0,15588600
2022-09-09,HEAL,1485.0,1540.0,1475.0,1515.0,26270700
2022-09-12,HEAL,1515.0,1540.0,1470.0,1485.0,10291500
2022-09-13,HEAL,1485.0,1520.0,1475.0,1475.0,22938700
2022-09-14,HEAL,1475.0,1500.0,1450.0,1455.0,12024800
2022-09-15,HEAL,1455.0,1470.0,1440.0,1440.0,22779600
2022-09-16,HEAL,1440.0,1450.0,1375.0,1375.0,271630800
2022-09-19,HEAL,1380.0,1445.0,1375.0,1445.0,15907200
2022-09-20,HEAL,1450.0,1470.0,1440.0,1470.0,10109100
2022-09-21,HEAL,1470.0,1505.0,1460.0,1500.0,30195200
2022-09-22,HEAL,1495.0,1520.0,1485.0,1505.0,10059100
2022-09-23,HEAL,1520.0,1535.0,1500.0,1515.0,11120200
2022-09-26,HEAL,1515.0,1530.0,1480.0,1495.0,24069600
2022-09-27,HEAL,1505.0,1515.0,1500.0,1510.0,20005800
2022-09-28,HEAL,1515.0,1525.0,1500.0,1520.0,24039500
2022-09-29,HEAL,1520.0,1595.0,1520.0,1575.0,23571300
2022-09-30,HEAL,1590.0,1625.0,1575.0,1625.0,34091400
2022-10-03,HEAL,1625.0,1645.0,1525.0,1525.0,20015100
2022-10-04,HEAL,1525.0,1545.0,1465.0,1530.0,7916000
2022-10-05,HEAL,1535.0,1540.0,1520.0,1525.0,12347000
2022-10-06,HEAL,1525.0,1535.0,1505.0,1525.0,5174300
2022-10-07,HEAL,1525.0,1560.0,1505.0,1505.0,10377700
2022-10-10,HEAL,1505.0,1540.0,1495.0,1535.0,8014000
2022-10-11,HEAL,1535.0,1545.0,1515.0,1515.0,10011800
2022-10-12,HEAL,1515.0,1530.0,1515.0,1515.0,11842400
2022-10-13,HEAL,1510.0,1555.0,1505.0,1520.0,12544100
2022-10-14,HEAL,1520.0,1525.0,1510.0,1515.0,6456900
2022-10-17,HEAL,1515.0,1515.0,1490.0,1495.0,10004100
2022-10-18,HEAL,1495.0,1505.0,1490.0,1500.0,9120900
2022-10-19,HEAL,1495.0,1505.0,1490.0,1495.0,3604500
2022-10-20,HEAL,1500.0,1500.0,1485.0,1500.0,10987000
2022-10-21,HEAL,1500.0,1505.0,1465.0,1490.0,15782300
2022-10-24,HEAL,1495.0,1520.0,1480.0,1495.0,5389800
2022-10-25,HEAL,1500.0,1505.0,1485.0,1500.0,10547100
2022-10-26,HEAL,1500.0,1500.0,1490.0,1495.0,2805800
2022-10-27,HEAL,1495.0,1500.0,1490.0,1500.0,13769700
2022-10-28,HEAL,1500.0,1525.0,1495.0,1500.0,11636600
2022-10-31,HEAL,1500.0,1525.0,1490.0,1490.0,7245900
2022-11-01,HEAL,1490.0,1530.0,1485.0,1525.0,30030100
2022-11-02,HEAL,1535.0,1565.0,1525.0,1560.0,14828400
2022-11-03,HEAL,1565.0,1575.0,1530.0,1550.0,3311100
2022-11-04,HEAL,1550.0,1575.0,1495.0,1525.0,6912100
2022-11-07,HEAL,1525.0,1545.0,1485.0,1495.0,3985200
2022-11-08,HEAL,1495.0,1530.0,1495.0,1500.0,3609900
2022-11-09,HEAL,1500.0,1520.0,1490.0,1495.0,5431800
2022-11-10,HEAL,1495.0,1520.0,1480.0,1500.0,8825900
2022-11-11,HEAL,1500.0,1515.0,1460.0,1465.0,10008300
2022-11-14,HEAL,1465.0,1495.0,1440.0,1440.0,6314000
2022-11-15,HEAL,1460.0,1490.0,1420.0,1445.0,2595400
2022-11-16,HEAL,1450.0,1450.0,1425.0,1440.0,2005300
2022-11-17,HEAL,1440.0,1455.0,1400.0,1415.0,4738000
2022-11-18,HEAL,1415.0,1470.0,1395.0,1415.0,3140100
2022-11-21,HEAL,1415.0,1440.0,1380.0,1380.0,6003300
2022-11-22,HEAL,1390.0,1420.0,1385.0,1395.0,10027700
2022-11-23,HEAL,1400.0,1400.0,1385.0,1395.0,2247500
2022-11-24,HEAL,1400.0,1415.0,1390.0,1395.0,3039100
2022-11-25,HEAL,1395.0,1435.0,1385.0,1410.0,4082800
2022-11-28,HEAL,1415.0,1425.0,1380.0,1420.0,9930900
2022-11-29,HEAL,1425.0,1425.0,1410.0,1425.0,4990600
2022-11-30,HEAL,1390.0,1525.0,1390.0,1525.0,23197800
2022-12-01,HEAL,1500.0,1550.0,1495.0,1535.0,4858500
2022-12-02,HEAL,1530.0,1560.0,1525.0,1550.0,9032500
2022-12-05,HEAL,1550.0,1570.0,1495.0,1510.0,6463400
2022-12-06,HEAL,1525.0,1540.0,1475.0,1490.0,3034200
2022-12-07,HEAL,1480.0,1570.0,1475.0,1530.0,10014200
2022-12-08,HEAL,1535.0,1540.0,1490.0,1500.0,5226800
2022-12-09,HEAL,1500.0,1505.0,1485.0,1495.0,2719400
2022-12-12,HEAL,1495.0,1500.0,1420.0,1480.0,3579100
2022-12-13,HEAL,1480.0,1525.0,1470.0,1510.0,5235400
2022-12-14,HEAL,1510.0,1570.0,1505.0,1550.0,14000200
2022-12-15,HEAL,1575.0,1575.0,1530.0,1545.0,10002600
2022-12-16,HEAL,1540.0,1560.0,1535.0,1540.0,4185700
2022-12-19,HEAL,1560.0,1560.0,1540.0,1550.0,2283800
2022-12-20,HEAL,1560.0,1625.0,1545.0,1545.0,3455200
2022-12-21,HEAL,1560.0,1565.0,1515.0,1545.0,2029000
2022-12-22,HEAL,1550.0,1570.0,1540.0,1565.0,4011800
2022-12-23,HEAL,1560.0,1585.0,1560.0,1585.0,5004500
2022-12-26,HEAL,1585.0,1600.0,1580.0,1590.0,5914700
2022-12-27,HEAL,1590.0,1595.0,1575.0,1575.0,2413800
2022-12-28,HEAL,1575.0,1585.0,1570.0,1575.0,2081500
2022-12-29,HEAL,1565.0,1575.0,1535.0,1535.0,2863800
2022-12-30,HEAL,1550.0,1575.0,1550.0,1550.0,2473600
2023-01-02,HEAL,1575.0,1590.0,1535.0,1585.0,2319900
2023-01-03,HEAL,1585.0,1615.0,1575.0,1610.0,11004000
2023-01-04,HEAL,1615.0,1620.0,1595.0,1595.0,4000100
2023-01-05,HEAL,1595.0,1620.0,1585.0,1610.0,10038000
2023-01-06,HEAL,1640.0,1750.0,1610.0,1685.0,10034100
2023-01-09,HEAL,1680.0,1800.0,1675.0,1730.0,13028700
2023-01-10,HEAL,1730.0,1740.0,1655.0,1690.0,4718400
2023-01-11,HEAL,1700.0,1705.0,1575.0,1575.0,5502500
2023-01-12,HEAL,1570.0,1570.0,1495.0,1565.0,4410100
2023-01-13,HEAL,1560.0,1610.0,1555.0,1565.0,2431900
2023-01-16,HEAL,1565.0,1625.0,1560.0,1625.0,3099800
2023-01-17,HEAL,1630.0,1680.0,1555.0,1565.0,4668600
2023-01-18,HEAL,1565.0,1610.0,1560.0,1580.0,2362300
2023-01-19,HEAL,1590.0,1640.0,1580.0,1630.0,2333100
2023-01-20,HEAL,1625.0,1630.0,1570.0,1585.0,2017600
2023-01-24,HEAL,1585.0,1620.0,1535.0,1555.0,3017900
2023-01-25,HEAL,1580.0,1580.0,1545.0,1545.0,2046800
2023-01-26,HEAL,1545.0,1575.0,1540.0,1550.0,1566500
2023-01-27,HEAL,1550.0,1565.0,1520.0,1525.0,4052300
2023-01-30,HEAL,1520.0,1580.0,1500.0,1580.0,4219300
2023-01-31,HEAL,1585.0,1590.0,1535.0,1555.0,5126500
2023-02-01,HEAL,1545.0,1560.0,1510.0,1550.0,10046700
2023-02-02,HEAL,1570.0,1615.0,1535.0,1615.0,9458300
2023-02-03,HEAL,1610.0,1610.0,1510.0,1525.0,7085500
2023-02-06,HEAL,1500.0,1540.0,1500.0,1510.0,4952800
2023-02-07,HEAL,1510.0,1540.0,1505.0,1540.0,2262300
2023-02-08,HEAL,1540.0,1550.0,1520.0,1545.0,2677300
2023-02-09,HEAL,1545.0,1545.0,1515.0,1520.0,2128500
2023-02-10,HEAL,1520.0,1545.0,1520.0,1530.0,1504400
2023-02-13,HEAL,1530.0,1540.0,1520.0,1530.0,2254800
2023-02-14,HEAL,1530.0,1535.0,1515.0,1520.0,2170600
2023-02-15,HEAL,1520.0,1535.0,1520.0,1530.0,1421000
2023-02-16,HEAL,1530.0,1540.0,1520.0,1525.0,2021100
2023-02-17,HEAL,1525.0,1535.0,1520.0,1535.0,2000000
2023-02-20,HEAL,1535.0,1545.0,1520.0,1520.0,4014200
2023-02-21,HEAL,1525.0,1530.0,1505.0,1505.0,2001600
2023-02-22,HEAL,1505.0,1530.0,1475.0,1500.0,2019100
2023-02-23,HEAL,1500.0,1500.0,1470.0,1475.0,3527700
2023-02-24,HEAL,1475.0,1490.0,1470.0,1485.0,1337100
2023-02-27,HEAL,1485.0,1495.0,1475.0,1475.0,1203800
2023-02-28,HEAL,1475.0,1495.0,1465.0,1490.0,6001500
2023-03-01,HEAL,1480.0,1500.0,1480.0,1485.0,1004200
2023-03-02,HEAL,1490.0,1495.0,1485.0,1490.0,1681100
2023-03-03,HEAL,1510.0,1525.0,1465.0,1485.0,2260600
2023-03-06,HEAL,1485.0,1490.0,1455.0,1455.0,2041700
2023-03-07,HEAL,1455.0,1480.0,1445.0,1465.0,1981000
2023-03-08,HEAL,1465.0,1480.0,1415.0,1415.0,2171900
2023-03-09,HEAL,1415.0,1465.0,1410.0,1430.0,1514200
2023-03-10,HEAL,1435.0,1470.0,1430.0,1435.0,2315400
2023-03-13,HEAL,1435.0,1460.0,1395.0,1430.0,3343100
2023-03-14,HEAL,1425.0,1450.0,1425.0,1435.0,1093900
2023-03-15,HEAL,1440.0,1450.0,1415.0,1415.0,1428500
2023-03-16,HEAL,1435.0,1440.0,1400.0,1415.0,3209100
2023-03-17,HEAL,1415.0,1445.0,1415.0,1445.0,4253600
2023-03-20,HEAL,1440.0,1465.0,1420.0,1425.0,1444100
2023-03-21,HEAL,1430.0,1430.0,1395.0,1410.0,1495900
2023-03-24,HEAL,1415.0,1425.0,1400.0,1400.0,2026100
2023-03-27,HEAL,1420.0,1420.0,1370.0,1395.0,4218100
2023-03-28,HEAL,1400.0,1405.0,1380.0,1395.0,2002000
2023-03-29,HEAL,1390.0,1405.0,1385.0,1385.0,1228600
2023-03-30,HEAL,1400.0,1405.0,1335.0,1335.0,3994400
2023-03-31,HEAL,1345.0,1365.0,1335.0,1355.0,4004600
2023-04-03,HEAL,1400.0,1400.0,1340.0,1350.0,1857400
2023-04-04,HEAL,1355.0,1380.0,1350.0,1355.0,1536300
2023-04-05,HEAL,1355.0,1355.0,1330.0,1335.0,2138400
2023-04-06,HEAL,1335.0,1335.0,1275.0,1300.0,2903300
2023-04-10,HEAL,1300.0,1310.0,1265.0,1285.0,1997500
2023-04-11,HEAL,1285.0,1330.0,1275.0,1305.0,1373900
2023-04-12,HEAL,1300.0,1355.0,1300.0,1345.0,1036900
2023-04-13,HEAL,1345.0,1385.0,1330.0,1370.0,4001300
2023-04-14,HEAL,1370.0,1405.0,1365.0,1380.0,3837700
2023-04-17,HEAL,1390.0,1400.0,1380.0,1380.0,4260700
2023-04-18,HEAL,1380.0,1420.0,1365.0,1370.0,2000200
2023-04-26,HEAL,1385.0,1445.0,1370.0,1445.0,4002200
2023-04-27,HEAL,1445.0,1500.0,1420.0,1420.0,2500100
2023-04-28,HEAL,1435.0,1480.0,1390.0,1415.0,5009900
2023-05-02,HEAL,1420.0,1435.0,1385.0,1395.0,1818800
2023-05-03,HEAL,1395.0,1400.0,1370.0,1395.0,1509200
2023-05-04,HEAL,1395.0,1400.0,1375.0,1395.0,2656400
2023-05-05,HEAL,1390.0,1395.0,1350.0,1355.0,996100
2023-05-08,HEAL,1355.0,1360.0,1315.0,1320.0,2004700
2023-05-09,HEAL,1330.0,1360.0,1315.0,1330.0,1477200
2023-05-10,HEAL,1330.0,1355.0,1325.0,1345.0,2376900
2023-05-11,HEAL,1345.0,1345.0,1320.0,1320.0,893200
2023-05-12,HEAL,1345.0,1345.0,1325.0,1325.0,2003000
2023-05-15,HEAL,1325.0,1390.0,1325.0,1390.0,5428200
2023-05-16,HEAL,1390.0,1415.0,1365.0,1385.0,3973500
2023-05-17,HEAL,1385.0,1395.0,1380.0,1390.0,2008400
2023-05-19,HEAL,1390.0,1400.0,1380.0,1380.0,1009200
2023-05-22,HEAL,1395.0,1395.0,1375.0,1390.0,1027700
2023-05-23,HEAL,1390.0,1395.0,1380.0,1395.0,1005400
2023-05-24,HEAL,1395.0,1435.0,1385.0,1410.0,2999400
2023-05-25,HEAL,1410.0,1435.0,1380.0,1380.0,2003900
2023-05-26,HEAL,1380.0,1400.0,1380.0,1395.0,1004100
2023-05-29,HEAL,1350.0,1410.0,1350.0,1380.0,2400300
2023-05-30,HEAL,1380.0,1395.0,1335.0,1335.0,5490500
2023-05-31,HEAL,1335.0,1370.0,1315.0,1315.0,8484000
2023-06-05,HEAL,1315.0,1365.0,1315.0,1315.0,5034800
2023-06-06,HEAL,1340.0,1355.0,1310.0,1350.0,3488500
2023-06-07,HEAL,1350.0,1385.0,1330.0,1345.0,4139100
2023-06-08,HEAL,1350.0,1350.0,1315.0,1335.0,6000600
2023-06-09,HEAL,1335.0,1350.0,1330.0,1340.0,6000200
2023-06-12,HEAL,1340.0,1350.0,1330.0,1350.0,2820500
2023-06-13,HEAL,1350.0,1385.0,1340.0,1360.0,5532900
2023-06-14,HEAL,1365.0,1365.0,1350.0,1355.0,4323200
2023-06-15,HEAL,1360.0,1375.0,1355.0,1375.0,3659200
2023-06-16,HEAL,1370.0,1390.0,1340.0,1350.0,12021800
2023-06-19,HEAL,1350.0,1355.0,1325.0,1350.0,5009300
2023-06-20,HEAL,1350.0,1365.0,1345.0,1360.0,4189500
2023-06-21,HEAL,1355.0,1365.0,1340.0,1350.0,3279800
2023-06-22,HEAL,1355.0,1355.0,1330.0,1340.0,1106700
2023-06-23,HEAL,1340.0,1365.0,1330.0,1350.0,1325300
2023-06-26,HEAL,1350.0,1360.0,1340.0,1350.0,5009500
2023-06-27,HEAL,1350.0,1360.0,1330.0,1350.0,1232800
2023-07-03,HEAL,1340.0,1360.0,1340.0,1355.0,2316900
2023-07-04,HEAL,1350.0,1395.0,1350.0,1380.0,6000600
2023-07-05,HEAL,1380.0,1420.0,1375.0,1410.0,5004200
2023-07-06,HEAL,1405.0,1415.0,1350.0,1410.0,6091300
2023-07-07,HEAL,1410.0,1410.0,1375.0,1410.0,8001300
2023-07-10,HEAL,1410.0,1420.0,1385.0,1395.0,9000800
2023-07-11,HEAL,1395.0,1480.0,1375.0,1450.0,16688800
2023-07-12,HEAL,1460.0,1485.0,1435.0,1445.0,6626600
2023-07-13,HEAL,1450.0,1540.0,1445.0,1520.0,22764300
2023-07-14,HEAL,1525.0,1540.0,1495.0,1520.0,11372200
2023-07-17,HEAL,1520.0,1545.0,1510.0,1515.0,12781600
2023-07-18,HEAL,1515.0,1540.0,1490.0,1495.0,2698200
2023-07-20,HEAL,1525.0,1525.0,1455.0,1475.0,4433800
2023-07-21,HEAL,1510.0,1510.0,1470.0,1475.0,4016800
2023-07-24,HEAL,1475.0,1530.0,1460.0,1515.0,6261400
2023-07-25,HEAL,1520.0,1530.0,1480.0,1495.0,6424500
2023-07-26,HEAL,1495.0,1500.0,1475.0,1485.0,6591700
2023-07-27,HEAL,1485.0,1490.0,1455.0,1470.0,3834500
2023-07-28,HEAL,1470.0,1520.0,1455.0,1520.0,9001000
2023-07-31,HEAL,1530.0,1530.0,1485.0,1495.0,4392600
2023-08-01,HEAL,1490.0,1490.0,1425.0,1440.0,4421900
2023-08-02,HEAL,1440.0,1465.0,1405.0,1450.0,4700300
2023-08-03,HEAL,1455.0,1480.0,1430.0,1435.0,3000500
2023-08-04,HEAL,1435.0,1455.0,1420.0,1425.0,2353000
2023-08-07,HEAL,1425.0,1435.0,1385.0,1400.0,3904100
2023-08-08,HEAL,1400.0,1410.0,1395.0,1395.0,4002200
2023-08-09,HEAL,1395.0,1435.0,1395.0,1415.0,6019800
2023-08-10,HEAL,1415.0,1430.0,1405.0,1420.0,5065500
2023-08-11,HEAL,1420.0,1450.0,1410.0,1420.0,3870300
2023-08-14,HEAL,1420.0,1430.0,1395.0,1420.0,2278900
2023-08-15,HEAL,1420.0,1435.0,1410.0,1420.0,1358100
2023-08-16,HEAL,1425.0,1430.0,1410.0,1420.0,2351300
2023-08-18,HEAL,1435.0,1435.0,1405.0,1410.0,4219800
2023-08-21,HEAL,1405.0,1415.0,1385.0,1400.0,5004000
2023-08-22,HEAL,1400.0,1415.0,1395.0,1405.0,2188700
2023-08-23,HEAL,1400.0,1415.0,1395.0,1405.0,3020400
2023-08-24,HEAL,1410.0,1410.0,1395.0,1400.0,2001300
2023-08-25,HEAL,1415.0,1415.0,1395.0,1400.0,2151600
2023-08-28,HEAL,1405.0,1410.0,1390.0,1400.0,1173700
2023-08-29,HEAL,1400.0,1405.0,1390.0,1400.0,1368700
2023-08-30,HEAL,1395.0,1400.0,1385.0,1395.0,1845200
2023-08-31,HEAL,1400.0,1420.0,1395.0,1400.0,20470200
2023-09-01,HEAL,1395.0,1405.0,1390.0,1400.0,1618700
2023-09-04,HEAL,1400.0,1410.0,1395.0,1400.0,1011100
2023-09-05,HEAL,1400.0,1410.0,1395.0,1405.0,1604600
2023-09-06,HEAL,1405.0,1430.0,1400.0,1405.0,4459900
2023-09-07,HEAL,1420.0,1450.0,1415.0,1440.0,4653700
2023-09-08,HEAL,1450.0,1525.0,1440.0,1460.0,8788300
2023-09-11,HEAL,1485.0,1490.0,1460.0,1480.0,3274000
2023-09-12,HEAL,1485.0,1490.0,1465.0,1470.0,2637800
2023-09-13,HEAL,1485.0,1490.0,1445.0,1450.0,3650900
2023-09-14,HEAL,1460.0,1465.0,1440.0,1455.0,1271000
2023-09-15,HEAL,1465.0,1475.0,1400.0,1400.0,162478600
2023-09-18,HEAL,1400.0,1430.0,1350.0,1355.0,9076800
2023-09-19,HEAL,1355.0,1365.0,1320.0,1330.0,7355300
2023-09-20,HEAL,1330.0,1365.0,1330.0,1335.0,13151500
2023-09-21,HEAL,1335.0,1380.0,1305.0,1325.0,8267900
2023-09-22,HEAL,1320.0,1345.0,1315.0,1325.0,4090800
2023-09-25,HEAL,1325.0,1340.0,1315.0,1335.0,7460600
2023-09-26,HEAL,1335.0,1345.0,1320.0,1325.0,10034800
2023-09-27,HEAL,1325.0,1330.0,1320.0,1325.0,3287800
2023-09-29,HEAL,1325.0,1340.0,1310.0,1310.0,3617800
2023-10-02,HEAL,1310.0,1315.0,1300.0,1300.0,1821500
2023-10-03,HEAL,1300.0,1300.0,1270.0,1295.0,7441400
2023-10-04,HEAL,1290.0,1345.0,1270.0,1320.0,24561300
2023-10-05,HEAL,1330.0,1340.0,1310.0,1335.0,39912400
2023-10-06,HEAL,1345.0,1385.0,1330.0,1380.0,7968400
2023-10-09,HEAL,1405.0,1405.0,1310.0,1340.0,2792600
2023-10-10,HEAL,1330.0,1330.0,1290.0,1315.0,13072100
2023-10-11,HEAL,1315.0,1315.0,1300.0,1300.0,3971800
2023-10-12,HEAL,1300.0,1320.0,1300.0,1300.0,1498700
2023-10-13,HEAL,1300.0,1340.0,1300.0,1320.0,7467500
2023-10-16,HEAL,1325.0,1325.0,1305.0,1305.0,2507600
2023-10-17,HEAL,1310.0,1325.0,1300.0,1325.0,12616200
2023-10-18,HEAL,1330.0,1400.0,1305.0,1375.0,16030500
2023-10-19,HEAL,1380.0,1440.0,1365.0,1430.0,13701000
2023-10-20,HEAL,1430.0,1460.0,1405.0,1460.0,21626100
2023-10-23,HEAL,1460.0,1475.0,1440.0,1450.0,12101200
2023-10-24,HEAL,1445.0,1535.0,1430.0,1520.0,11945300
2023-10-25,HEAL,1515.0,1550.0,1490.0,1500.0,15822100
2023-10-26,HEAL,1500.0,1530.0,1450.0,1515.0,11355500
2023-10-27,HEAL,1515.0,1535.0,1515.0,1525.0,11258600
2023-10-30,HEAL,1525.0,1535.0,1515.0,1520.0,4273600
2023-10-31,HEAL,1525.0,1550.0,1515.0,1525.0,11092000
2023-11-01,HEAL,1525.0,1525.0,1490.0,1490.0,5879400
2023-11-02,HEAL,1505.0,1525.0,1495.0,1500.0,13697100
2023-11-03,HEAL,1500.0,1535.0,1500.0,1505.0,7369200
2023-11-06,HEAL,1510.0,1530.0,1510.0,1515.0,8745400
2023-11-07,HEAL,1540.0,1575.0,1515.0,1530.0,11035300
2023-11-08,HEAL,1525.0,1525.0,1510.0,1525.0,4433500
2023-11-09,HEAL,1540.0,1550.0,1495.0,1495.0,5168900
2023-11-10,HEAL,1490.0,1515.0,1490.0,1510.0,3476900
2023-11-13,HEAL,1525.0,1525.0,1495.0,1495.0,4133300
2023-11-14,HEAL,1510.0,1510.0,1490.0,1500.0,3608000
2023-11-15,HEAL,1505.0,1520.0,1490.0,1505.0,8032000
2023-11-16,HEAL,1505.0,1535.0,1495.0,1505.0,2633600
2023-11-17,HEAL,1500.0,1510.0,1500.0,1510.0,3924200
2023-11-20,HEAL,1525.0,1525.0,1475.0,1475.0,4235100
2023-11-21,HEAL,1480.0,1495.0,1475.0,1485.0,2319800
2023-11-22,HEAL,1485.0,1500.0,1480.0,1500.0,1822900
2023-11-23,HEAL,1500.0,1515.0,1480.0,1480.0,3255200
2023-11-24,HEAL,1485.0,1485.0,1450.0,1455.0,5686400
2023-11-27,HEAL,1470.0,1480.0,1440.0,1445.0,7230700
2023-11-28,HEAL,1450.0,1475.0,1430.0,1455.0,6568100
2023-11-29,HEAL,1455.0,1455.0,1430.0,1450.0,3535400
2023-11-30,HEAL,1450.0,1470.0,1440.0,1470.0,6379000
2023-12-01,HEAL,1465.0,1480.0,1445.0,1460.0,6657100
2023-12-04,HEAL,1460.0,1470.0,1410.0,1445.0,3987800
2023-12-05,HEAL,1455.0,1505.0,1440.0,1495.0,10057000
2023-12-06,HEAL,1505.0,1510.0,1455.0,1465.0,10757000
2023-12-07,HEAL,1450.0,1490.0,1445.0,1470.0,5440500
2023-12-08,HEAL,1470.0,1480.0,1460.0,1470.0,4401900
2023-12-11,HEAL,1470.0,1490.0,1455.0,1460.0,2860300
2023-12-12,HEAL,1460.0,1475.0,1455.0,1465.0,4108300
2023-12-13,HEAL,1465.0,1480.0,1440.0,1460.0,2746300
2023-12-14,HEAL,1460.0,1475.0,1460.0,1465.0,2684400
2023-12-15,HEAL,1465.0,1490.0,1465.0,1480.0,4662400
2023-12-18,HEAL,1480.0,1495.0,1470.0,1470.0,2191800
2023-12-19,HEAL,1470.0,1490.0,1465.0,1485.0,2104600
2023-12-20,HEAL,1485.0,1495.0,1460.0,1480.0,2557400
2023-12-21,HEAL,1485.0,1485.0,1450.0,1465.0,2974800
2023-12-22,HEAL,1470.0,1480.0,1450.0,1475.0,2440300
2023-12-27,HEAL,1480.0,1480.0,1460.0,1470.0,4446400
2023-12-28,HEAL,1475.0,1490.0,1460.0,1465.0,4119000
2023-12-29,HEAL,1465.0,1490.0,1465.0,1490.0,1600000
2024-01-02,HEAL,1490.0,1495.0,1470.0,1475.0,2000500
2024-01-03,HEAL,1475.0,1495.0,1460.0,1475.0,8682300
2024-01-04,HEAL,1490.0,1490.0,1460.0,1480.0,2355900
2024-01-05,HEAL,1460.0,1495.0,1460.0,1475.0,8275300
2024-01-08,HEAL,1475.0,1500.0,1455.0,1455.0,5564400
2024-01-09,HEAL,1480.0,1480.0,1390.0,1425.0,12107900
2024-01-10,HEAL,1425.0,1470.0,1390.0,1460.0,10378200
2024-01-11,HEAL,1460.0,1470.0,1440.0,1460.0,2691300
2024-01-12,HEAL,1460.0,1480.0,1450.0,1475.0,5399200
2024-01-15,HEAL,1475.0,1475.0,1430.0,1430.0,6079400
2024-01-16,HEAL,1430.0,1430.0,1320.0,1320.0,28456000
2024-01-17,HEAL,1320.0,1335.0,1265.0,1280.0,22054000
2024-01-18,HEAL,1280.0,1390.0,1275.0,1365.0,39590000
2024-01-19,HEAL,1365.0,1375.0,1345.0,1350.0,2333000
2024-01-22,HEAL,1350.0,1365.0,1330.0,1350.0,2771500
2024-01-23,HEAL,1345.0,1350.0,1315.0,1320.0,9135800
2024-01-24,HEAL,1310.0,1390.0,1280.0,1385.0,7656100
2024-01-25,HEAL,1380.0,1390.0,1340.0,1340.0,4557900
2024-01-26,HEAL,1340.0,1365.0,1330.0,1335.0,5104500
2024-01-29,HEAL,1325.0,1340.0,1295.0,1315.0,13892800
2024-01-30,HEAL,1315.0,1340.0,1300.0,1330.0,20959300
2024-01-31,HEAL,1335.0,1340.0,1305.0,1305.0,4000500
2024-02-01,HEAL,1315.0,1330.0,1310.0,1325.0,3887300
2024-02-02,HEAL,1330.0,1350.0,1325.0,1345.0,4430100
2024-02-05,HEAL,1345.0,1350.0,1330.0,1330.0,2285800
2024-02-06,HEAL,1340.0,1360.0,1330.0,1335.0,9416600
2024-02-07,HEAL,1345.0,1355.0,1335.0,1345.0,6206000
2024-02-12,HEAL,1345.0,1345.0,1320.0,1325.0,5652600
2024-02-13,HEAL,1325.0,1345.0,1305.0,1305.0,16109200
2024-02-15,HEAL,1305.0,1330.0,1305.0,1310.0,8744500
2024-02-16,HEAL,1310.0,1320.0,1280.0,1285.0,21159100
2024-02-19,HEAL,1240.0,1310.0,1240.0,1275.0,8335500
2024-02-20,HEAL,1230.0,1275.0,1230.0,1255.0,10759400
2024-02-21,HEAL,1255.0,1265.0,1235.0,1260.0,10918000
2024-02-22,HEAL,1260.0,1270.0,1235.0,1260.0,8241300
2024-02-23,HEAL,1260.0,1270.0,1250.0,1265.0,4052100
2024-02-26,HEAL,1265.0,1265.0,1245.0,1265.0,7892500
2024-02-27,HEAL,1265.0,1275.0,1255.0,1265.0,6924100
2024-02-28,HEAL,1265.0,1275.0,1195.0,1270.0,9529100
2024-02-29,HEAL,1270.0,1275.0,1255.0,1265.0,9888000
2024-03-01,HEAL,1265.0,1275.0,1240.0,1260.0,2587300
2024-03-04,HEAL,1260.0,1260.0,1245.0,1255.0,3125900
2024-03-05,HEAL,1265.0,1275.0,1255.0,1265.0,7664200
2024-03-06,HEAL,1265.0,1275.0,1255.0,1260.0,2788400
2024-03-07,HEAL,1260.0,1270.0,1255.0,1255.0,1720600
2024-03-08,HEAL,1265.0,1265.0,1255.0,1260.0,4335100
2024-03-13,HEAL,1265.0,1265.0,1225.0,1240.0,13377300
2024-03-14,HEAL,1245.0,1250.0,1220.0,1220.0,5627400
2024-03-15,HEAL,1225.0,1245.0,1220.0,1230.0,9198900
2024-03-18,HEAL,1220.0,1270.0,1220.0,1240.0,5627400
2024-03-19,HEAL,1255.0,1255.0,1240.0,1250.0,1721600
2024-03-20,HEAL,1255.0,1265.0,1250.0,1260.0,2823400
2024-03-21,HEAL,1260.0,1260.0,1240.0,1245.0,6645700
2024-03-22,HEAL,1255.0,1260.0,1240.0,1260.0,12832200
2024-03-25,HEAL,1300.0,1300.0,1255.0,1285.0,20288400
2024-03-26,HEAL,1285.0,1285.0,1250.0,1270.0,15565900
2024-03-27,HEAL,1275.0,1275.0,1235.0,1255.0,20591800
2024-03-28,HEAL,1250.0,1250.0,1175.0,1175.0,13846800
2024-04-01,HEAL,1170.0,1200.0,1105.0,1115.0,28819300
2024-04-02,HEAL,1120.0,1195.0,1120.0,1180.0,24105400
2024-04-03,HEAL,1195.0,1195.0,1165.0,1185.0,12493500
2024-04-04,HEAL,1180.0,1195.0,1160.0,1185.0,5336800
2024-04-05,HEAL,1185.0,1220.0,1185.0,1205.0,7693300
2024-04-16,HEAL,1210.0,1220.0,1180.0,1180.0,15024000
2024-04-17,HEAL,1180.0,1185.0,1145.0,1150.0,6111800
2024-04-18,HEAL,1180.0,1180.0,1135.0,1140.0,3259800
2024-04-19,HEAL,1140.0,1160.0,1125.0,1160.0,3270100
2024-04-22,HEAL,1165.0,1170.0,1115.0,1125.0,7706900
2024-04-23,HEAL,1130.0,1135.0,1105.0,1105.0,2252400
2024-04-24,HEAL,1105.0,1150.0,1060.0,1150.0,5665900
2024-04-25,HEAL,1150.0,1150.0,1085.0,1085.0,10987400
2024-04-26,HEAL,1085.0,1125.0,1065.0,1090.0,8739500
2024-04-29,HEAL,1150.0,1290.0,1130.0,1285.0,29645000
2024-04-30,HEAL,1285.0,1295.0,1250.0,1275.0,18023100
2024-05-02,HEAL,1275.0,1310.0,1215.0,1280.0,18744200
2024-05-03,HEAL,1300.0,1340.0,1275.0,1340.0,14350000
2024-05-06,HEAL,1340.0,1370.0,1315.0,1335.0,12318400
2024-05-07,HEAL,1335.0,1350.0,1325.0,1350.0,13324000
2024-05-08,HEAL,1350.0,1360.0,1340.0,1360.0,25702400
2024-05-13,HEAL,1360.0,1360.0,1320.0,1320.0,3791800
2024-05-14,HEAL,1320.0,1400.0,1320.0,1375.0,11490700
2024-05-15,HEAL,1380.0,1395.0,1330.0,1350.0,7772100
2024-05-16,HEAL,1350.0,1375.0,1310.0,1345.0,5830300
2024-05-17,HEAL,1345.0,1360.0,1330.0,1335.0,6591100
2024-05-20,HEAL,1360.0,1360.0,1340.0,1340.0,6494000
2024-05-21,HEAL,1330.0,1360.0,1320.0,1325.0,7424700
2024-05-22,HEAL,1320.0,1340.0,1315.0,1335.0,1355300
2024-05-27,HEAL,1325.0,1335.0,1290.0,1290.0,3974100
2024-05-28,HEAL,1300.0,1325.0,1285.0,1295.0,1543800
2024-05-29,HEAL,1295.0,1300.0,1250.0,1270.0,2319500
2024-05-30,HEAL,1280.0,1300.0,1280.0,1300.0,2452200
2024-05-31,HEAL,1305.0,1330.0,1280.0,1280.0,9208500
2024-06-03,HEAL,1280.0,1305.0,1280.0,1285.0,2419200
2024-06-04,HEAL,1290.0,1310.0,1285.0,1290.0,2369600
2024-06-05,HEAL,1295.0,1315.0,1295.0,1295.0,4844300
2024-06-06,HEAL,1295.0,1300.0,1280.0,1290.0,1264300
2024-06-07,HEAL,1290.0,1310.0,1285.0,1305.0,6733900
2024-06-10,HEAL,1305.0,1330.0,1295.0,1325.0,6249600
2024-06-11,HEAL,1325.0,1370.0,1325.0,1345.0,16445400
2024-06-12,HEAL,1350.0,1355.0,1325.0,1345.0,2143100
2024-06-13,HEAL,1335.0,1360.0,1330.0,1350.0,7107900
2024-06-14,HEAL,1355.0,1355.0,1320.0,1345.0,4794000
2024-06-19,HEAL,1345.0,1355.0,1320.0,1330.0,7012400
2024-06-20,HEAL,1325.0,1355.0,1325.0,1350.0,16169500
2024-06-21,HEAL,1350.0,1365.0,1350.0,1360.0,13057500
2024-06-24,HEAL,1360.0,1365.0,1350.0,1355.0,3733600
2024-06-25,HEAL,1365.0,1380.0,1360.0,1360.0,8458500
2024-06-26,HEAL,1400.0,1400.0,1350.0,1365.0,4962200
2024-06-27,HEAL,1370.0,1375.0,1365.0,1375.0,3695300
2024-06-28,HEAL,1375.0,1375.0,1355.0,1355.0,7869500
2024-07-01,HEAL,1360.0,1365.0,1350.0,1350.0,4963500
2024-07-02,HEAL,1360.0,1360.0,1340.0,1360.0,5137200
2024-07-03,HEAL,1360.0,1360.0,1290.0,1315.0,7592300
2024-07-04,HEAL,1315.0,1335.0,1300.0,1300.0,4563000
2024-07-05,HEAL,1300.0,1340.0,1300.0,1340.0,5744000
2024-07-08,HEAL,1340.0,1360.0,1330.0,1360.0,10807800
2024-07-09,HEAL,1360.0,1360.0,1325.0,1325.0,2381900
2024-07-10,HEAL,1325.0,1350.0,1325.0,1345.0,3220600
2024-07-11,HEAL,1345.0,1345.0,1315.0,1320.0,2283400
2024-07-12,HEAL,1320.0,1330.0,1315.0,1320.0,3197000
2024-07-15,HEAL,1330.0,1340.0,1320.0,1335.0,2318700
2024-07-16,HEAL,1320.0,1335.0,1305.0,1330.0,5584700
2024-07-17,HEAL,1330.0,1335.0,1315.0,1315.0,2817100
2024-07-18,HEAL,1315.0,1335.0,1295.0,1295.0,16642400
2024-07-19,HEAL,1300.0,1335.0,1300.0,1335.0,5422600
2024-07-22,HEAL,1335.0,1340.0,1315.0,1330.0,4847900
2024-07-23,HEAL,1330.0,1330.0,1315.0,1330.0,2115600
2024-07-24,HEAL,1320.0,1330.0,1315.0,1320.0,3212700
2024-07-25,HEAL,1330.0,1365.0,1325.0,1365.0,14272700
2024-07-26,HEAL,1370.0,1370.0,1350.0,1350.0,5844600
2024-07-29,HEAL,1350.0,1355.0,1330.0,1340.0,1267100
2024-07-30,HEAL,1345.0,1360.0,1345.0,1360.0,2990400
2024-07-31,HEAL,1365.0,1365.0,1345.0,1355.0,2650300
2024-08-01,HEAL,1355.0,1355.0,1310.0,1315.0,7245800
2024-08-02,HEAL,1315.0,1360.0,1300.0,1310.0,10736800
2024-08-05,HEAL,1320.0,1340.0,1300.0,1320.0,5256400
2024-08-06,HEAL,1315.0,1350.0,1310.0,1345.0,5661500
2024-08-07,HEAL,1345.0,1345.0,1325.0,1325.0,1141000
2024-08-08,HEAL,1340.0,1340.0,1320.0,1325.0,2563700
2024-08-09,HEAL,1330.0,1340.0,1325.0,1330.0,1116500
2024-08-12,HEAL,1330.0,1335.0,1310.0,1315.0,2885800
2024-08-13,HEAL,1315.0,1325.0,1310.0,1315.0,4021600
2024-08-14,HEAL,1315.0,1325.0,1310.0,1320.0,4782900
2024-08-15,HEAL,1320.0,1320.0,1290.0,1300.0,12035100
2024-08-16,HEAL,1300.0,1310.0,1290.0,1295.0,6307600
2024-08-19,HEAL,1300.0,1300.0,1285.0,1295.0,9890300
2024-08-20,HEAL,1295.0,1300.0,1280.0,1300.0,8139400
2024-08-21,HEAL,1300.0,1315.0,1290.0,1295.0,10972700
2024-08-22,HEAL,1300.0,1315.0,1290.0,1295.0,9890900
2024-08-23,HEAL,1300.0,1305.0,1290.0,1300.0,5676000
2024-08-26,HEAL,1305.0,1305.0,1280.0,1285.0,7209200
2024-08-27,HEAL,1285.0,1300.0,1285.0,1300.0,1800100
2024-08-28,HEAL,1300.0,1315.0,1295.0,1310.0,5324200
2024-08-29,HEAL,1310.0,1315.0,1300.0,1300.0,2964900
2024-08-30,HEAL,1300.0,1310.0,1290.0,1300.0,14403400
2024-09-02,HEAL,1300.0,1305.0,1290.0,1295.0,2685300
2024-09-03,HEAL,1300.0,1320.0,1285.0,1285.0,10457200
2024-09-04,HEAL,1285.0,1305.0,1285.0,1300.0,6223000
2024-09-05,HEAL,1300.0,1310.0,1290.0,1300.0,5581900
2024-09-06,HEAL,1300.0,1305.0,1260.0,1270.0,4663100
2024-09-09,HEAL,1270.0,1295.0,1250.0,1295.0,4093400
2024-09-10,HEAL,1295.0,1305.0,1285.0,1300.0,4658200
2024-09-11,HEAL,1300.0,1310.0,1290.0,1300.0,4810200
2024-09-12,HEAL,1300.0,1310.0,1290.0,1305.0,3152900
2024-09-13,HEAL,1305.0,1370.0,1300.0,1365.0,23938300
2024-09-17,HEAL,1380.0,1425.0,1355.0,1405.0,57312000
2024-09-18,HEAL,1405.0,1500.0,1405.0,1470.0,34913800
2024-09-19,HEAL,1490.0,1490.0,1430.0,1450.0,21213300
2024-09-20,HEAL,1450.0,1470.0,1440.0,1455.0,18178300
2024-09-23,HEAL,1465.0,1465.0,1435.0,1450.0,13072700
2024-09-24,HEAL,1455.0,1460.0,1445.0,1445.0,8294000
2024-09-25,HEAL,1445.0,1460.0,1440.0,1460.0,24713600
2024-09-26,HEAL,1470.0,1540.0,1430.0,1515.0,39669800
2024-09-27,HEAL,1515.0,1555.0,1515.0,1530.0,13057100
2024-09-30,HEAL,1530.0,1535.0,1495.0,1525.0,9187700
2024-10-01,HEAL,1515.0,1535.0,1510.0,1525.0,3722400
2024-10-02,HEAL,1515.0,1525.0,1495.0,1505.0,8947700
2024-10-03,HEAL,1505.0,1505.0,1460.0,1485.0,5122200
2024-10-04,HEAL,1480.0,1515.0,1455.0,1500.0,4913800
2024-10-07,HEAL,1500.0,1525.0,1470.0,1510.0,6449400
2024-10-08,HEAL,1510.0,1515.0,1485.0,1495.0,3209300
2024-10-09,HEAL,1500.0,1550.0,1495.0,1545.0,8200900
2024-10-10,HEAL,1545.0,1570.0,1515.0,1540.0,16115400
2024-10-11,HEAL,1540.0,1640.0,1540.0,1595.0,33896400
2024-10-14,HEAL,1590.0,1610.0,1545.0,1570.0,17051700
2024-10-15,HEAL,1550.0,1600.0,1545.0,1580.0,19851100
2024-10-16,HEAL,1575.0,1630.0,1560.0,1575.0,20631100
2024-10-18,HEAL,1555.0,1560.0,1480.0,1480.0,28495500
